hanreiId,caseName,needsReview,needsSummaryReview,summaryError,fullTextPdf,detailUrl
24926,国民健康保険料賦課処分取消等請求事件,1,,,https://www.courts.go.jp/assets/hanrei/hanrei-pdf-24926.pdf,https://www.courts.go.jp/hanrei/24926/detail2/index.html
32920,損害賠償請求事件,1,,,https://www.courts.go.jp/assets/hanrei/hanrei-pdf-32920.pdf,https://www.courts.go.jp/hanrei/32920/detail2/index.html
32935,再審請求棄却決定に対する即時抗告棄却決定に対する即時抗告棄却決定に対する特別抗告事件,,1,,https://www.courts.go.jp/assets/hanrei/hanrei-pdf-32935.pdf,https://www.courts.go.jp/hanrei/32935/detail2/index.html
33117,違法公金支出返還請求事件,1,,,https://www.courts.go.jp/assets/hanrei/hanrei-pdf-33117.pdf,https://www.courts.go.jp/hanrei/33117/detail2/index.html
33470,"窃盗,出入国管理及び難民認定法違反被告事件",1,,,https://www.courts.go.jp/assets/hanrei/hanrei-pdf-33470.pdf,https://www.courts.go.jp/hanrei/33470/detail2/index.html
33485,"わいせつ略取,強盗強姦,強盗強姦未遂,窃盗,道路運送車両法違反,強姦未遂,強姦,わいせつ略取誘拐被告事件",,1,,https://www.courts.go.jp/assets/hanrei/hanrei-pdf-33485.pdf,https://www.courts.go.jp/hanrei/33485/detail2/index.html
33617,退去強制令書発付処分取消請求事件,1,,,https://www.courts.go.jp/assets/hanrei/hanrei-pdf-33617.pdf,https://www.courts.go.jp/hanrei/33617/detail2/index.html
33712,損害賠償請求事件,1,,,https://www.courts.go.jp/assets/hanrei/hanrei-pdf-33712.pdf,https://www.courts.go.jp/hanrei/33712/detail2/index.html
33822,"法人税法違反,証拠隠滅教唆被告事件",,1,,https://www.courts.go.jp/assets/hanrei/hanrei-pdf-33822.pdf,https://www.courts.go.jp/hanrei/33822/detail2/index.html
33828,"詐欺,恐喝未遂,出資の受入れ,預り金及び金利等の取締りに関する法律違反被告事件",,1,,https://www.courts.go.jp/assets/hanrei/hanrei-pdf-33828.pdf,https://www.courts.go.jp/hanrei/33828/detail2/index.html
33841,学納金返還請求事件,1,,,https://www.courts.go.jp/assets/hanrei/hanrei-pdf-33841.pdf,https://www.courts.go.jp/hanrei/33841/detail2/index.html
34185,戒告処分取消請求事件,1,,,https://www.courts.go.jp/assets/hanrei/hanrei-pdf-34185.pdf,https://www.courts.go.jp/hanrei/34185/detail2/index.html
34239,遺族厚生年金不支給処分取消請求事件,1,,,https://www.courts.go.jp/assets/hanrei/hanrei-pdf-34239.pdf,https://www.courts.go.jp/hanrei/34239/detail2/index.html
34385,"住居侵入,強盗致傷,強制わいせつ,強盗強姦,強盗,窃盗,詐欺,窃盗未遂被告事件",,1,,https://www.courts.go.jp/assets/hanrei/hanrei-pdf-34385.pdf,https://www.courts.go.jp/hanrei/34385/detail2/index.html
34390,市町村長の処分に対する不服申立て却下審判に対する抗告審の変更決定に対する許可抗告事件,1,,,https://www.courts.go.jp/assets/hanrei/hanrei-pdf-34390.pdf,https://www.courts.go.jp/hanrei/34390/detail2/index.html
34422,業務上過失傷害被告事件,,1,,https://www.courts.go.jp/assets/hanrei/hanrei-pdf-34422.pdf,https://www.courts.go.jp/hanrei/34422/detail2/index.html
34503,"業務上過失傷害,道路交通法違反被告事件",,1,,https://www.courts.go.jp/assets/hanrei/hanrei-pdf-34503.pdf,https://www.courts.go.jp/hanrei/34503/detail2/index.html
34527,"建造物侵入,窃盗被告事件",,1,,https://www.courts.go.jp/assets/hanrei/hanrei-pdf-34527.pdf,https://www.courts.go.jp/hanrei/34527/detail2/index.html
34710,横田基地夜間飛行差止等請求事件,1,,,https://www.courts.go.jp/assets/hanrei/hanrei-pdf-34710.pdf,https://www.courts.go.jp/hanrei/34710/detail2/index.html
34801,選挙無効請求事件,1,,,https://www.courts.go.jp/assets/hanrei/hanrei-pdf-34801.pdf,https://www.courts.go.jp/hanrei/34801/detail2/index.html
34817,勾留取消し請求却下決定に対する抗告棄却決定に対する特別抗告,,1,,https://www.courts.go.jp/assets/hanrei/hanrei-pdf-34817.pdf,https://www.courts.go.jp/hanrei/34817/detail2/index.html
34937,詐欺被告事件,,1,,https://www.courts.go.jp/assets/hanrei/hanrei-pdf-34937.pdf,https://www.courts.go.jp/hanrei/34937/detail2/index.html
35038,"不正アクセス行為の禁止等に関する法律違反,私電磁的記録不正作出,同供用被告事件",,1,,https://www.courts.go.jp/assets/hanrei/hanrei-pdf-35038.pdf,https://www.courts.go.jp/hanrei/35038/detail2/index.html
35114,広島市暴走族追放条例違反被告事件,,1,,https://www.courts.go.jp/assets/hanrei/hanrei-pdf-35114.pdf,https://www.courts.go.jp/hanrei/35114/detail2/index.html
35273,"爆発物取締罰則違反,殺人未遂被告事件",,1,,https://www.courts.go.jp/assets/hanrei/hanrei-pdf-35273.pdf,https://www.courts.go.jp/hanrei/35273/detail2/index.html
35349,損害賠償請求事件,1,,,https://www.courts.go.jp/assets/hanrei/hanrei-pdf-35349.pdf,https://www.courts.go.jp/hanrei/35349/detail2/index.html
35393,"証人威迫,暴行被告事件",,1,,https://www.courts.go.jp/assets/hanrei/hanrei-pdf-35393.pdf,https://www.courts.go.jp/hanrei/35393/detail2/index.html
35462,"盗品等有償譲受け,詐欺,組織的な犯罪の処罰及び犯罪収益の規制等に関する法律違反被告事件",,1,,https://www.courts.go.jp/assets/hanrei/hanrei-pdf-35462.pdf,https://www.courts.go.jp/hanrei/35462/detail2/index.html
35488,地位確認等請求事件,1,,,https://www.courts.go.jp/assets/hanrei/hanrei-pdf-35488.pdf,https://www.courts.go.jp/hanrei/35488/detail2/index.html
35764,輸入禁制品該当通知取消等請求事件,1,,,https://www.courts.go.jp/assets/hanrei/hanrei-pdf-35764.pdf,https://www.courts.go.jp/hanrei/35764/detail2/index.html
35876,損害賠償請求事件,1,,,https://www.courts.go.jp/assets/hanrei/hanrei-pdf-35876.pdf,https://www.courts.go.jp/hanrei/35876/detail2/index.html
35920,"覚せい剤取締法違反,関税法違反被告事件",,1,,https://www.courts.go.jp/assets/hanrei/hanrei-pdf-35920.pdf,https://www.courts.go.jp/hanrei/35920/detail2/index.html
35936,"児童買春,児童ポルノに係る行為等の処罰及び児童の保護等に関する法律違反,関税法違反被告事件",,1,,https://www.courts.go.jp/assets/hanrei/hanrei-pdf-35936.pdf,https://www.courts.go.jp/hanrei/35936/detail2/index.html
36141,再審請求棄却決定に対する即時抗告棄却決定に対する特別抗告(再審事件あり(無罪):静岡地方裁判所),,1,,https://www.courts.go.jp/assets/hanrei/hanrei-pdf-36141.pdf,https://www.courts.go.jp/hanrei/36141/detail2/index.html
36282,住居侵入被告事件,,1,,https://www.courts.go.jp/assets/hanrei/hanrei-pdf-36282.pdf,https://www.courts.go.jp/hanrei/36282/detail2/index.html
36285,"所有権移転登記抹消登記手続等,入会権確認請求事件",1,,,https://www.courts.go.jp/assets/hanrei/hanrei-pdf-36285.pdf,https://www.courts.go.jp/hanrei/36285/detail2/index.html
36292,"窃盗,窃盗未遂,住居侵入,強盗殺人被告事件",,1,,https://www.courts.go.jp/assets/hanrei/hanrei-pdf-36292.pdf,https://www.courts.go.jp/hanrei/36292/detail2/index.html
36301,国際的な協力の下に規制薬物に係る不正行為を助長する行為等の防止を図るための麻薬及び向精神薬取締法等の特例等に関する法律違反幇助被告事件,,1,,https://www.courts.go.jp/assets/hanrei/hanrei-pdf-36301.pdf,https://www.courts.go.jp/hanrei/36301/detail2/index.html
36346,婚姻費用分担審判に対する抗告審の変更決定に対する特別抗告事件,1,,,https://www.courts.go.jp/assets/hanrei/hanrei-pdf-36346.pdf,https://www.courts.go.jp/hanrei/36346/detail2/index.html
36359,商法違反被告事件,,1,,https://www.courts.go.jp/assets/hanrei/hanrei-pdf-36359.pdf,https://www.courts.go.jp/hanrei/36359/detail2/index.html
36365,傷害被告事件,,1,,https://www.courts.go.jp/assets/hanrei/hanrei-pdf-36365.pdf,https://www.courts.go.jp/hanrei/36365/detail2/index.html
36415,退去強制令書発付処分取消等請求事件,1,,,https://www.courts.go.jp/assets/hanrei/hanrei-pdf-36415.pdf,https://www.courts.go.jp/hanrei/36415/detail2/index.html
36416,国籍確認請求事件,1,,,https://www.courts.go.jp/assets/hanrei/hanrei-pdf-36416.pdf,https://www.courts.go.jp/hanrei/36416/detail2/index.html
36426,預託金返還請求事件,1,,,https://www.courts.go.jp/assets/hanrei/hanrei-pdf-36426.pdf,https://www.courts.go.jp/hanrei/36426/detail2/index.html
36444,"損害賠償請求上告,同附帯上告事件",1,,,https://www.courts.go.jp/assets/hanrei/hanrei-pdf-36444.pdf,https://www.courts.go.jp/hanrei/36444/detail2/index.html
36505,損害賠償請求事件,1,,,https://www.courts.go.jp/assets/hanrei/hanrei-pdf-36505.pdf,https://www.courts.go.jp/hanrei/36505/detail2/index.html
36535,証拠開示決定に対する即時抗告棄却決定に対する特別抗告事件,,1,,https://www.courts.go.jp/assets/hanrei/hanrei-pdf-36535.pdf,https://www.courts.go.jp/hanrei/36535/detail2/index.html
36611,強盗致傷保護事件に関し保護処分に付さない決定に対する抗告の決定に対する再抗告事件,1,,,https://www.courts.go.jp/assets/hanrei/hanrei-pdf-36611.pdf,https://www.courts.go.jp/hanrei/36611/detail2/index.html
36629,"証券取引法違反,商法違反被告事件",1,,,https://www.courts.go.jp/assets/hanrei/hanrei-pdf-36629.pdf,https://www.courts.go.jp/hanrei/36629/detail2/index.html
36787,行政処分取消請求事件,1,,,https://www.courts.go.jp/assets/hanrei/hanrei-pdf-36787.pdf,https://www.courts.go.jp/hanrei/36787/detail2/index.html
36906,障害基礎年金不支給決定取消等請求事件,1,,,https://www.courts.go.jp/assets/hanrei/hanrei-pdf-36906.pdf,https://www.courts.go.jp/hanrei/36906/detail2/index.html
36994,"児童買春,児童ポルノに係る行為等の処罰及び児童の保護等に関する法律違反,組織的な犯罪の処罰及び犯罪収益の規制等に関する法律違反被告事件",,1,,https://www.courts.go.jp/assets/hanrei/hanrei-pdf-36994.pdf,https://www.courts.go.jp/hanrei/36994/detail2/index.html
37339,傷害被告事件,,1,,https://www.courts.go.jp/assets/hanrei/hanrei-pdf-37339.pdf,https://www.courts.go.jp/hanrei/37339/detail2/index.html
37362,不当利得返還請求事件,1,,,https://www.courts.go.jp/assets/hanrei/hanrei-pdf-37362.pdf,https://www.courts.go.jp/hanrei/37362/detail2/index.html
37401,福島県青少年健全育成条例違反被告事件,,1,,https://www.courts.go.jp/assets/hanrei/hanrei-pdf-37401.pdf,https://www.courts.go.jp/hanrei/37401/detail2/index.html
37431,"背任,事後収賄,加重収賄被告事件",,1,,https://www.courts.go.jp/assets/hanrei/hanrei-pdf-37431.pdf,https://www.courts.go.jp/hanrei/37431/detail2/index.html
37542,弁護士報酬請求事件,1,,,https://www.courts.go.jp/assets/hanrei/hanrei-pdf-37542.pdf,https://www.courts.go.jp/hanrei/37542/detail2/index.html
37742,"住居侵入,強盗致傷被告事件",,1,,https://www.courts.go.jp/assets/hanrei/hanrei-pdf-37742.pdf,https://www.courts.go.jp/hanrei/37742/detail2/index.html
37826,業務上横領被告事件,1,,,https://www.courts.go.jp/assets/hanrei/hanrei-pdf-37826.pdf,https://www.courts.go.jp/hanrei/37826/detail2/index.html
37896,鑑定入院命令に対する取消し請求棄却決定に対する特別抗告事件,,1,,https://www.courts.go.jp/assets/hanrei/hanrei-pdf-37896.pdf,https://www.courts.go.jp/hanrei/37896/detail2/index.html
37993,"補助金等に係る予算の執行の適正化に関する法律違反,関税法違反被告事件",,1,,https://www.courts.go.jp/assets/hanrei/hanrei-pdf-37993.pdf,https://www.courts.go.jp/hanrei/37993/detail2/index.html
38022,"国際的な協力の下に規制薬物に係る不正行為を助長する行為等の防止を図るための麻薬及び向精神薬取締法等の特例等に関する法律違反,覚せい剤取締法違反被告事件",,1,,https://www.courts.go.jp/assets/hanrei/hanrei-pdf-38022.pdf,https://www.courts.go.jp/hanrei/38022/detail2/index.html
38052,遺産分割申立て事件の審判に対する抗告棄却決定に対する特別抗告事件,1,,,https://www.courts.go.jp/assets/hanrei/hanrei-pdf-38052.pdf,https://www.courts.go.jp/hanrei/38052/detail2/index.html
38100,"児童福祉法違反,児童買春,児童ポルノに係る行為等の処罰及び児童の保護等に関する法律違反被告事件",,1,,https://www.courts.go.jp/assets/hanrei/hanrei-pdf-38100.pdf,https://www.courts.go.jp/hanrei/38100/detail2/index.html
38159,商法違反被告事件,1,,,https://www.courts.go.jp/assets/hanrei/hanrei-pdf-38159.pdf,https://www.courts.go.jp/hanrei/38159/detail2/index.html
38179,解職請求署名簿無効決定異議申立棄却決定取消請求事件,1,,,https://www.courts.go.jp/assets/hanrei/hanrei-pdf-38179.pdf,https://www.courts.go.jp/hanrei/38179/detail2/index.html
38200,住居侵入被告事件,,1,,https://www.courts.go.jp/assets/hanrei/hanrei-pdf-38200.pdf,https://www.courts.go.jp/hanrei/38200/detail2/index.html
38232,証券取引法違反被告事件,1,,,https://www.courts.go.jp/assets/hanrei/hanrei-pdf-38232.pdf,https://www.courts.go.jp/hanrei/38232/detail2/index.html
38255,保釈保証金の一部を没取する決定に対する抗告棄却決定に対する特別抗告事件,,1,,https://www.courts.go.jp/assets/hanrei/hanrei-pdf-38255.pdf,https://www.courts.go.jp/hanrei/38255/detail2/index.html
38273,損害填補金請求事件,1,,,https://www.courts.go.jp/assets/hanrei/hanrei-pdf-38273.pdf,https://www.courts.go.jp/hanrei/38273/detail2/index.html
38280,損害賠償等請求事件,1,,,https://www.courts.go.jp/assets/hanrei/hanrei-pdf-38280.pdf,https://www.courts.go.jp/hanrei/38280/detail2/index.html
38347,財産管理を怠る事実の違法確認請求事件,1,,,https://www.courts.go.jp/assets/hanrei/hanrei-pdf-38347.pdf,https://www.courts.go.jp/hanrei/38347/detail2/index.html
50048,銃砲刀剣類所持等取締法違反被告事件,1,,,https://www.courts.go.jp/assets/hanrei/hanrei-pdf-50048.pdf,https://www.courts.go.jp/hanrei/50048/detail2/index.html
50081,未成年者略取被告事件,1,,,https://www.courts.go.jp/assets/hanrei/hanrei-pdf-50081.pdf,https://www.courts.go.jp/hanrei/50081/detail2/index.html
50092,刑の執行猶予言渡取消決定に対する即時抗告棄却決定に対する特別抗告事件,1,,,https://www.courts.go.jp/assets/hanrei/hanrei-pdf-50092.pdf,https://www.courts.go.jp/hanrei/50092/detail2/index.html
50111,刑事補償及び費用補償請求事件についてした即時抗告棄却決定に対する特別抗告,1,,,https://www.courts.go.jp/assets/hanrei/hanrei-pdf-50111.pdf,https://www.courts.go.jp/hanrei/50111/detail2/index.html
50116,売春防止法違反,1,,,https://www.courts.go.jp/assets/hanrei/hanrei-pdf-50116.pdf,https://www.courts.go.jp/hanrei/50116/detail2/index.html
50118,窃盗、有価証券変造、変造有価証券交付,1,,,https://www.courts.go.jp/assets/hanrei/hanrei-pdf-50118.pdf,https://www.courts.go.jp/hanrei/50118/detail2/index.html
50122,窃盗,1,,,https://www.courts.go.jp/assets/hanrei/hanrei-pdf-50122.pdf,https://www.courts.go.jp/hanrei/50122/detail2/index.html
50127,道路交通法違反,1,,,https://www.courts.go.jp/assets/hanrei/hanrei-pdf-50127.pdf,https://www.courts.go.jp/hanrei/50127/detail2/index.html
50184,暴力行為等処罰に関する法律違反、傷害,1,,,https://www.courts.go.jp/assets/hanrei/hanrei-pdf-50184.pdf,https://www.courts.go.jp/hanrei/50184/detail2/index.html
50200,傷害,1,,,https://www.courts.go.jp/assets/hanrei/hanrei-pdf-50200.pdf,https://www.courts.go.jp/hanrei/50200/detail2/index.html
50220,公職選挙法違反,1,,,https://www.courts.go.jp/assets/hanrei/hanrei-pdf-50220.pdf,https://www.courts.go.jp/hanrei/50220/detail2/index.html
50222,兇器準備集合,1,,,https://www.courts.go.jp/assets/hanrei/hanrei-pdf-50222.pdf,https://www.courts.go.jp/hanrei/50222/detail2/index.html
50224,人の健康に係る公害犯罪の処罰に関する法律違反,1,,,https://www.courts.go.jp/assets/hanrei/hanrei-pdf-50224.pdf,https://www.courts.go.jp/hanrei/50224/detail2/index.html
50231,差押許可の裁判及び差押処分に対する各準抗告棄却決定に対する特別抗告,1,,,https://www.courts.go.jp/assets/hanrei/hanrei-pdf-50231.pdf,https://www.courts.go.jp/hanrei/50231/detail2/index.html
50240,背任,1,,,https://www.courts.go.jp/assets/hanrei/hanrei-pdf-50240.pdf,https://www.courts.go.jp/hanrei/50240/detail2/index.html
50242,薬事法違反,1,,,https://www.courts.go.jp/assets/hanrei/hanrei-pdf-50242.pdf,https://www.courts.go.jp/hanrei/50242/detail2/index.html
50261,収賄、贈賄,1,,,https://www.courts.go.jp/assets/hanrei/hanrei-pdf-50261.pdf,https://www.courts.go.jp/hanrei/50261/detail2/index.html
50269,福岡県青少年保護育成条例違反,1,,,https://www.courts.go.jp/assets/hanrei/hanrei-pdf-50269.pdf,https://www.courts.go.jp/hanrei/50269/detail2/index.html
50275,猥褻図画販売、猥褻図画販売目的所持,1,,,https://www.courts.go.jp/assets/hanrei/hanrei-pdf-50275.pdf,https://www.courts.go.jp/hanrei/50275/detail2/index.html
50295,有線電気通信法違反、偽計業務妨害,1,,,https://www.courts.go.jp/assets/hanrei/hanrei-pdf-50295.pdf,https://www.courts.go.jp/hanrei/50295/detail2/index.html
50299,業務上失火、業務上過失致死,1,,,https://www.courts.go.jp/assets/hanrei/hanrei-pdf-50299.pdf,https://www.courts.go.jp/hanrei/50299/detail2/index.html
50300,公職選挙法違反,1,,,https://www.courts.go.jp/assets/hanrei/hanrei-pdf-50300.pdf,https://www.courts.go.jp/hanrei/50300/detail2/index.html
50301,建造物等以外放火,1,,,https://www.courts.go.jp/assets/hanrei/hanrei-pdf-50301.pdf,https://www.courts.go.jp/hanrei/50301/detail2/index.html
50303,侮辱、軽犯罪法違反,1,,,https://www.courts.go.jp/assets/hanrei/hanrei-pdf-50303.pdf,https://www.courts.go.jp/hanrei/50303/detail2/index.html
50306,暴力行為等処罰に関する法律違反、現住建造物等放火未遂保護事件についてした抗告棄却決定に対する再抗告,1,,,https://www.courts.go.jp/assets/hanrei/hanrei-pdf-50306.pdf,https://www.courts.go.jp/hanrei/50306/detail2/index.html
50355,外国為替及び外国貿易管理法違反、贈賄、議院における証人の宣誓及び証言等に関する法律違反被告事件,1,,,https://www.courts.go.jp/assets/hanrei/hanrei-pdf-50355.pdf,https://www.courts.go.jp/hanrei/50355/detail2/index.html
50365,覚せい剤取締法違反,1,,,https://www.courts.go.jp/assets/hanrei/hanrei-pdf-50365.pdf,https://www.courts.go.jp/hanrei/50365/detail2/index.html
50376,詐欺、商品取引所法違反,,1,,https://www.courts.go.jp/assets/hanrei/hanrei-pdf-50376.pdf,https://www.courts.go.jp/hanrei/50376/detail2/index.html
50379,地方公務員法違反,1,,,https://www.courts.go.jp/assets/hanrei/hanrei-pdf-50379.pdf,https://www.courts.go.jp/hanrei/50379/detail2/index.html
50382,贈賄被疑事件について地方裁判所がした準抗告棄却決定に対する特別抗告,1,,,https://www.courts.go.jp/assets/hanrei/hanrei-pdf-50382.pdf,https://www.courts.go.jp/hanrei/50382/detail2/index.html
50393,Aに対する暴力行為処罰に関する法律違反、傷害被疑事件について地方裁判所がした準抗告棄却決定に対する特別抗告,1,,,https://www.courts.go.jp/assets/hanrei/hanrei-pdf-50393.pdf,https://www.courts.go.jp/hanrei/50393/detail2/index.html
50400,覚せい剤取締法違反、詐欺、同未遂被告事件,1,,,https://www.courts.go.jp/assets/hanrei/hanrei-pdf-50400.pdf,https://www.courts.go.jp/hanrei/50400/detail2/index.html
50428,関税法違反、昭和二五年政令第三二五号違反,,1,,https://www.courts.go.jp/assets/hanrei/hanrei-pdf-50428.pdf,https://www.courts.go.jp/hanrei/50428/detail2/index.html
50436,不法監禁、暴力行為等処罰ニ関スル法律違反,1,,,https://www.courts.go.jp/assets/hanrei/hanrei-pdf-50436.pdf,https://www.courts.go.jp/hanrei/50436/detail2/index.html
50470,覚せい剤取締法違反,1,,,https://www.courts.go.jp/assets/hanrei/hanrei-pdf-50470.pdf,https://www.courts.go.jp/hanrei/50470/detail2/index.html
50544,住居侵入、窃盜未遂,1,,,https://www.courts.go.jp/assets/hanrei/hanrei-pdf-50544.pdf,https://www.courts.go.jp/hanrei/50544/detail2/index.html
50592,浄水汚穢,,1,,https://www.courts.go.jp/assets/hanrei/hanrei-pdf-50592.pdf,https://www.courts.go.jp/hanrei/50592/detail2/index.html
50618,上告棄却決定に対する異議申立棄却決定に対する裁判の解釈を求める申立,,1,,https://www.courts.go.jp/assets/hanrei/hanrei-pdf-50618.pdf,https://www.courts.go.jp/hanrei/50618/detail2/index.html
50631,公正証書原本不実記載、同行使,1,,,https://www.courts.go.jp/assets/hanrei/hanrei-pdf-50631.pdf,https://www.courts.go.jp/hanrei/50631/detail2/index.html
50636,関税法違反,1,,,https://www.courts.go.jp/assets/hanrei/hanrei-pdf-50636.pdf,https://www.courts.go.jp/hanrei/50636/detail2/index.html
50747,猥褻文書販売、同所持,1,,,https://www.courts.go.jp/assets/hanrei/hanrei-pdf-50747.pdf,https://www.courts.go.jp/hanrei/50747/detail2/index.html
50763,金沢市金銭物品等の寄附募集に関する条例違反、小松市寄附金品取締条例違反,1,,,https://www.courts.go.jp/assets/hanrei/hanrei-pdf-50763.pdf,https://www.courts.go.jp/hanrei/50763/detail2/index.html
50769,刑の執行に対する異議申立却下決定に対する即時抗告棄却決定に対する特別抗告,1,,,https://www.courts.go.jp/assets/hanrei/hanrei-pdf-50769.pdf,https://www.courts.go.jp/hanrei/50769/detail2/index.html
50779,国家公務員法違反、住居侵入,1,,,https://www.courts.go.jp/assets/hanrei/hanrei-pdf-50779.pdf,https://www.courts.go.jp/hanrei/50779/detail2/index.html
50783,収賄、加重収賄、有印虚偽公文書作成、同行使,1,,,https://www.courts.go.jp/assets/hanrei/hanrei-pdf-50783.pdf,https://www.courts.go.jp/hanrei/50783/detail2/index.html
50789,公職選挙法違反,1,,,https://www.courts.go.jp/assets/hanrei/hanrei-pdf-50789.pdf,https://www.courts.go.jp/hanrei/50789/detail2/index.html
50798,住居侵入、暴力行為等処罰に関する法律違反、傷害,1,,,https://www.courts.go.jp/assets/hanrei/hanrei-pdf-50798.pdf,https://www.courts.go.jp/hanrei/50798/detail2/index.html
50812,地方公務員法違反,1,,,https://www.courts.go.jp/assets/hanrei/hanrei-pdf-50812.pdf,https://www.courts.go.jp/hanrei/50812/detail2/index.html
50831,威力業務妨害,1,,,https://www.courts.go.jp/assets/hanrei/hanrei-pdf-50831.pdf,https://www.courts.go.jp/hanrei/50831/detail2/index.html
50869,売春防止法違反,1,,,https://www.courts.go.jp/assets/hanrei/hanrei-pdf-50869.pdf,https://www.courts.go.jp/hanrei/50869/detail2/index.html
50880,私文書偽造、同行使、詐欺事件の上告棄却決定に対する異議の申立,,1,,https://www.courts.go.jp/assets/hanrei/hanrei-pdf-50880.pdf,https://www.courts.go.jp/hanrei/50880/detail2/index.html
50894,有印公文書偽造、同行使、道路交通法違反,1,,,https://www.courts.go.jp/assets/hanrei/hanrei-pdf-50894.pdf,https://www.courts.go.jp/hanrei/50894/detail2/index.html
50903,業務上横領,1,,,https://www.courts.go.jp/assets/hanrei/hanrei-pdf-50903.pdf,https://www.courts.go.jp/hanrei/50903/detail2/index.html
50906,国家公務員法違反,1,,,https://www.courts.go.jp/assets/hanrei/hanrei-pdf-50906.pdf,https://www.courts.go.jp/hanrei/50906/detail2/index.html
50923,常習累犯窃盗,,1,,https://www.courts.go.jp/assets/hanrei/hanrei-pdf-50923.pdf,https://www.courts.go.jp/hanrei/50923/detail2/index.html
50924,強制わいせつ,1,,,https://www.courts.go.jp/assets/hanrei/hanrei-pdf-50924.pdf,https://www.courts.go.jp/hanrei/50924/detail2/index.html
51004,関税法違反、外国為替及び外国貿易管理法違反,1,,,https://www.courts.go.jp/assets/hanrei/hanrei-pdf-51004.pdf,https://www.courts.go.jp/hanrei/51004/detail2/index.html
51010,判決訂正の申立,,1,,https://www.courts.go.jp/assets/hanrei/hanrei-pdf-51010.pdf,https://www.courts.go.jp/hanrei/51010/detail2/index.html
51015,道路交通法違反、業務上過失傷害、贈賄,1,,,https://www.courts.go.jp/assets/hanrei/hanrei-pdf-51015.pdf,https://www.courts.go.jp/hanrei/51015/detail2/index.html
51016,業務上過失傷害、道路交通法違反,1,,,https://www.courts.go.jp/assets/hanrei/hanrei-pdf-51016.pdf,https://www.courts.go.jp/hanrei/51016/detail2/index.html
51043,暴行,1,,,https://www.courts.go.jp/assets/hanrei/hanrei-pdf-51043.pdf,https://www.courts.go.jp/hanrei/51043/detail2/index.html
51047,道路交通法違反、業務上過失致死,1,,,https://www.courts.go.jp/assets/hanrei/hanrei-pdf-51047.pdf,https://www.courts.go.jp/hanrei/51047/detail2/index.html
51051,業務上過失致死傷,1,,,https://www.courts.go.jp/assets/hanrei/hanrei-pdf-51051.pdf,https://www.courts.go.jp/hanrei/51051/detail2/index.html
51053,道路交通法違反、道路運送車両法違反,1,,,https://www.courts.go.jp/assets/hanrei/hanrei-pdf-51053.pdf,https://www.courts.go.jp/hanrei/51053/detail2/index.html
51056,勾留理由開示請求事件の移送決定についての準抗告棄却決定に対する特別抗告,,1,,https://www.courts.go.jp/assets/hanrei/hanrei-pdf-51056.pdf,https://www.courts.go.jp/hanrei/51056/detail2/index.html
51064,尊属傷害致死,1,,,https://www.courts.go.jp/assets/hanrei/hanrei-pdf-51064.pdf,https://www.courts.go.jp/hanrei/51064/detail2/index.html
51070,集団行進及び集団示威運動に関する徳島市条例違反、道路交通法違反,1,,,https://www.courts.go.jp/assets/hanrei/hanrei-pdf-51070.pdf,https://www.courts.go.jp/hanrei/51070/detail2/index.html
51083,公職選挙法違反,,1,,https://www.courts.go.jp/assets/hanrei/hanrei-pdf-51083.pdf,https://www.courts.go.jp/hanrei/51083/detail2/index.html
51090,殺人未遂,1,,,https://www.courts.go.jp/assets/hanrei/hanrei-pdf-51090.pdf,https://www.courts.go.jp/hanrei/51090/detail2/index.html
51091,公職選挙法違反,1,,,https://www.courts.go.jp/assets/hanrei/hanrei-pdf-51091.pdf,https://www.courts.go.jp/hanrei/51091/detail2/index.html
51103,業務上過失致死、道路交通法違反,1,,,https://www.courts.go.jp/assets/hanrei/hanrei-pdf-51103.pdf,https://www.courts.go.jp/hanrei/51103/detail2/index.html
51116,公職選挙法違反,1,,,https://www.courts.go.jp/assets/hanrei/hanrei-pdf-51116.pdf,https://www.courts.go.jp/hanrei/51116/detail2/index.html
51120,補助金等に係る予算執行の適正化に関する法律違反,1,,,https://www.courts.go.jp/assets/hanrei/hanrei-pdf-51120.pdf,https://www.courts.go.jp/hanrei/51120/detail2/index.html
51122,詐欺、同未遂,1,,,https://www.courts.go.jp/assets/hanrei/hanrei-pdf-51122.pdf,https://www.courts.go.jp/hanrei/51122/detail2/index.html
51136,常習賭博,1,,,https://www.courts.go.jp/assets/hanrei/hanrei-pdf-51136.pdf,https://www.courts.go.jp/hanrei/51136/detail2/index.html
51139,業務上過失傷害,,1,,https://www.courts.go.jp/assets/hanrei/hanrei-pdf-51139.pdf,https://www.courts.go.jp/hanrei/51139/detail2/index.html
51150,覚せい剤取締法違反、関税法違反,1,,,https://www.courts.go.jp/assets/hanrei/hanrei-pdf-51150.pdf,https://www.courts.go.jp/hanrei/51150/detail2/index.html
51152,関税法違反,1,,,https://www.courts.go.jp/assets/hanrei/hanrei-pdf-51152.pdf,https://www.courts.go.jp/hanrei/51152/detail2/index.html
51153,覚せい剤取締法違反、関税法違反,1,,,https://www.courts.go.jp/assets/hanrei/hanrei-pdf-51153.pdf,https://www.courts.go.jp/hanrei/51153/detail2/index.html
51158,暴力行為等処罰に関する法律違反、覚せい剤取締法違反,1,,,https://www.courts.go.jp/assets/hanrei/hanrei-pdf-51158.pdf,https://www.courts.go.jp/hanrei/51158/detail2/index.html
51160,窃盗、同未遂、有印公文書偽造、同行使、詐欺,1,,,https://www.courts.go.jp/assets/hanrei/hanrei-pdf-51160.pdf,https://www.courts.go.jp/hanrei/51160/detail2/index.html
51171,艦船覆没、詐欺、漁業法違反,1,,,https://www.courts.go.jp/assets/hanrei/hanrei-pdf-51171.pdf,https://www.courts.go.jp/hanrei/51171/detail2/index.html
51179,国家公務員法違反,1,,,https://www.courts.go.jp/assets/hanrei/hanrei-pdf-51179.pdf,https://www.courts.go.jp/hanrei/51179/detail2/index.html
51188,刑の執行猶予言渡取消請求事件についてした即時抗告棄却決定に対する特別抗告,1,,,https://www.courts.go.jp/assets/hanrei/hanrei-pdf-51188.pdf,https://www.courts.go.jp/hanrei/51188/detail2/index.html
51195,公務執行妨害、傷害,1,,,https://www.courts.go.jp/assets/hanrei/hanrei-pdf-51195.pdf,https://www.courts.go.jp/hanrei/51195/detail2/index.html
51196,公務員職権濫用,1,,,https://www.courts.go.jp/assets/hanrei/hanrei-pdf-51196.pdf,https://www.courts.go.jp/hanrei/51196/detail2/index.html
51206,窃盗,1,,,https://www.courts.go.jp/assets/hanrei/hanrei-pdf-51206.pdf,https://www.courts.go.jp/hanrei/51206/detail2/index.html
51209,業務上過失致死、同傷害,1,,,https://www.courts.go.jp/assets/hanrei/hanrei-pdf-51209.pdf,https://www.courts.go.jp/hanrei/51209/detail2/index.html
51224,勾留の裁判に対する異議申立て棄却決定に対する特別抗告事件,1,,,https://www.courts.go.jp/assets/hanrei/hanrei-pdf-51224.pdf,https://www.courts.go.jp/hanrei/51224/detail2/index.html
51238,関税法違反,1,,,https://www.courts.go.jp/assets/hanrei/hanrei-pdf-51238.pdf,https://www.courts.go.jp/hanrei/51238/detail2/index.html
51245,入場税法違反,1,,,https://www.courts.go.jp/assets/hanrei/hanrei-pdf-51245.pdf,https://www.courts.go.jp/hanrei/51245/detail2/index.html
51279,窃盗未遂、同教唆等,1,,,https://www.courts.go.jp/assets/hanrei/hanrei-pdf-51279.pdf,https://www.courts.go.jp/hanrei/51279/detail2/index.html
51295,特別公務員暴行陵虐致傷,1,,,https://www.courts.go.jp/assets/hanrei/hanrei-pdf-51295.pdf,https://www.courts.go.jp/hanrei/51295/detail2/index.html
51308,建造物侵入、公務執行妨害等,,1,,https://www.courts.go.jp/assets/hanrei/hanrei-pdf-51308.pdf,https://www.courts.go.jp/hanrei/51308/detail2/index.html
51313,恐喝未遂,1,,,https://www.courts.go.jp/assets/hanrei/hanrei-pdf-51313.pdf,https://www.courts.go.jp/hanrei/51313/detail2/index.html
51335,昭和二五年政令第三二五号違反,1,,,https://www.courts.go.jp/assets/hanrei/hanrei-pdf-51335.pdf,https://www.courts.go.jp/hanrei/51335/detail2/index.html
51344,窃盗,1,,,https://www.courts.go.jp/assets/hanrei/hanrei-pdf-51344.pdf,https://www.courts.go.jp/hanrei/51344/detail2/index.html
51371,示威運動取締に関する静岡県条例違反,1,,,https://www.courts.go.jp/assets/hanrei/hanrei-pdf-51371.pdf,https://www.courts.go.jp/hanrei/51371/detail2/index.html
51380,国家公務員法違反,,1,,https://www.courts.go.jp/assets/hanrei/hanrei-pdf-51380.pdf,https://www.courts.go.jp/hanrei/51380/detail2/index.html
51406,詐欺、窃盗,1,,,https://www.courts.go.jp/assets/hanrei/hanrei-pdf-51406.pdf,https://www.courts.go.jp/hanrei/51406/detail2/index.html
51447,窃盜強盗強姦致傷,1,,,https://www.courts.go.jp/assets/hanrei/hanrei-pdf-51447.pdf,https://www.courts.go.jp/hanrei/51447/detail2/index.html
51460,横領、業務上横領,1,,,https://www.courts.go.jp/assets/hanrei/hanrei-pdf-51460.pdf,https://www.courts.go.jp/hanrei/51460/detail2/index.html
51477,強制執行不正免脱,1,,,https://www.courts.go.jp/assets/hanrei/hanrei-pdf-51477.pdf,https://www.courts.go.jp/hanrei/51477/detail2/index.html
51484,威力業務妨害,,1,,https://www.courts.go.jp/assets/hanrei/hanrei-pdf-51484.pdf,https://www.courts.go.jp/hanrei/51484/detail2/index.html
51510,公職選挙法違反,1,,,https://www.courts.go.jp/assets/hanrei/hanrei-pdf-51510.pdf,https://www.courts.go.jp/hanrei/51510/detail2/index.html
51608,爆発物取締罰則違反、建造物損壊、脅迫、窃盗、銃砲刀剣類等所持取締令違反,1,,,https://www.courts.go.jp/assets/hanrei/hanrei-pdf-51608.pdf,https://www.courts.go.jp/hanrei/51608/detail2/index.html
51631,強盗,1,,,https://www.courts.go.jp/assets/hanrei/hanrei-pdf-51631.pdf,https://www.courts.go.jp/hanrei/51631/detail2/index.html
51720,労働基準法違反,1,,,https://www.courts.go.jp/assets/hanrei/hanrei-pdf-51720.pdf,https://www.courts.go.jp/hanrei/51720/detail2/index.html
51731,収賄,1,,,https://www.courts.go.jp/assets/hanrei/hanrei-pdf-51731.pdf,https://www.courts.go.jp/hanrei/51731/detail2/index.html
51751,公職選挙法違反,1,,,https://www.courts.go.jp/assets/hanrei/hanrei-pdf-51751.pdf,https://www.courts.go.jp/hanrei/51751/detail2/index.html
51792,住居侵入、暴力行為等処罰に関する法律違反、建造物損壊,1,,,https://www.courts.go.jp/assets/hanrei/hanrei-pdf-51792.pdf,https://www.courts.go.jp/hanrei/51792/detail2/index.html
51793,関税法違反、外国為替及び外国貿易管理法違反,1,,,https://www.courts.go.jp/assets/hanrei/hanrei-pdf-51793.pdf,https://www.courts.go.jp/hanrei/51793/detail2/index.html
51799,地方公務員法違反、道路交通法違反,1,,,https://www.courts.go.jp/assets/hanrei/hanrei-pdf-51799.pdf,https://www.courts.go.jp/hanrei/51799/detail2/index.html
51802,郵便法違反幇助、建造物侵入、公務執行妨害,1,,,https://www.courts.go.jp/assets/hanrei/hanrei-pdf-51802.pdf,https://www.courts.go.jp/hanrei/51802/detail2/index.html
51807,尊属殺人,1,,,https://www.courts.go.jp/assets/hanrei/hanrei-pdf-51807.pdf,https://www.courts.go.jp/hanrei/51807/detail2/index.html
51808,住居侵入、暴力行為等処罰に関する法律違反等,1,,,https://www.courts.go.jp/assets/hanrei/hanrei-pdf-51808.pdf,https://www.courts.go.jp/hanrei/51808/detail2/index.html
51853,刑事補償請求,1,,,https://www.courts.go.jp/assets/hanrei/hanrei-pdf-51853.pdf,https://www.courts.go.jp/hanrei/51853/detail2/index.html
51855,道路交通法違反,1,,,https://www.courts.go.jp/assets/hanrei/hanrei-pdf-51855.pdf,https://www.courts.go.jp/hanrei/51855/detail2/index.html
51857,受託収賄,1,,,https://www.courts.go.jp/assets/hanrei/hanrei-pdf-51857.pdf,https://www.courts.go.jp/hanrei/51857/detail2/index.html
51859,刑事補償,1,,,https://www.courts.go.jp/assets/hanrei/hanrei-pdf-51859.pdf,https://www.courts.go.jp/hanrei/51859/detail2/index.html
51882,土地明渡請求,1,,,https://www.courts.go.jp/assets/hanrei/hanrei-pdf-51882.pdf,https://www.courts.go.jp/hanrei/51882/detail2/index.html
51884,賃金請求,,1,,https://www.courts.go.jp/assets/hanrei/hanrei-pdf-51884.pdf,https://www.courts.go.jp/hanrei/51884/detail2/index.html
51888,約束手形金請求,1,,,https://www.courts.go.jp/assets/hanrei/hanrei-pdf-51888.pdf,https://www.courts.go.jp/hanrei/51888/detail2/index.html
51896,約束手形金請求,1,,,https://www.courts.go.jp/assets/hanrei/hanrei-pdf-51896.pdf,https://www.courts.go.jp/hanrei/51896/detail2/index.html
51910,損害賠償請求,1,,,https://www.courts.go.jp/assets/hanrei/hanrei-pdf-51910.pdf,https://www.courts.go.jp/hanrei/51910/detail2/index.html
51923,損害賠償請求,1,,,https://www.courts.go.jp/assets/hanrei/hanrei-pdf-51923.pdf,https://www.courts.go.jp/hanrei/51923/detail2/index.html
51945,退職金請求,1,,,https://www.courts.go.jp/assets/hanrei/hanrei-pdf-51945.pdf,https://www.courts.go.jp/hanrei/51945/detail2/index.html
51972,損害賠償請求,1,,,https://www.courts.go.jp/assets/hanrei/hanrei-pdf-51972.pdf,https://www.courts.go.jp/hanrei/51972/detail2/index.html
51986,建物収去土地明渡請求,1,,,https://www.courts.go.jp/assets/hanrei/hanrei-pdf-51986.pdf,https://www.courts.go.jp/hanrei/51986/detail2/index.html
52004,損害賠償請求,1,,,https://www.courts.go.jp/assets/hanrei/hanrei-pdf-52004.pdf,https://www.courts.go.jp/hanrei/52004/detail2/index.html
52090,報酬金請求,,1,,https://www.courts.go.jp/assets/hanrei/hanrei-pdf-52090.pdf,https://www.courts.go.jp/hanrei/52090/detail2/index.html
52104,損害賠償請求,1,,,https://www.courts.go.jp/assets/hanrei/hanrei-pdf-52104.pdf,https://www.courts.go.jp/hanrei/52104/detail2/index.html
52161,不動産所有権確認、所有権取得登記抹消請求本訴、同反訴、不動産所有権確認、停止条件付所有権移転仮登記抹消登記請求本訴、同反訴及び当事者参加,1,,,https://www.courts.go.jp/assets/hanrei/hanrei-pdf-52161.pdf,https://www.courts.go.jp/hanrei/52161/detail2/index.html
52168,貸金等,1,,,https://www.courts.go.jp/assets/hanrei/hanrei-pdf-52168.pdf,https://www.courts.go.jp/hanrei/52168/detail2/index.html
52169,自衛隊らによる合祀手続の取消等請求事件,1,,,https://www.courts.go.jp/assets/hanrei/hanrei-pdf-52169.pdf,https://www.courts.go.jp/hanrei/52169/detail2/index.html
52178,仮払金返戻請求事件,1,,,https://www.courts.go.jp/assets/hanrei/hanrei-pdf-52178.pdf,https://www.courts.go.jp/hanrei/52178/detail2/index.html
52179,建物収去等請求事件,1,,,https://www.courts.go.jp/assets/hanrei/hanrei-pdf-52179.pdf,https://www.courts.go.jp/hanrei/52179/detail2/index.html
52213,メモ採取不許可国家賠償請求事件,1,,,https://www.courts.go.jp/assets/hanrei/hanrei-pdf-52213.pdf,https://www.courts.go.jp/hanrei/52213/detail2/index.html
52216,選挙無効請求事件,1,,,https://www.courts.go.jp/assets/hanrei/hanrei-pdf-52216.pdf,https://www.courts.go.jp/hanrei/52216/detail2/index.html
52229,保険金請求事件,1,,,https://www.courts.go.jp/assets/hanrei/hanrei-pdf-52229.pdf,https://www.courts.go.jp/hanrei/52229/detail2/index.html
52233,裁判官分限事件の決定に対する即時抗告,1,,,https://www.courts.go.jp/assets/hanrei/hanrei-pdf-52233.pdf,https://www.courts.go.jp/hanrei/52233/detail2/index.html
52243,六価クロム汚染土壌処理工事差止請求事件,1,,,https://www.courts.go.jp/assets/hanrei/hanrei-pdf-52243.pdf,https://www.courts.go.jp/hanrei/52243/detail2/index.html
52261,"預金返還,仮執行の原状回復及び損害賠償請求事件",1,,,https://www.courts.go.jp/assets/hanrei/hanrei-pdf-52261.pdf,https://www.courts.go.jp/hanrei/52261/detail2/index.html
52269,選挙無効請求事件,1,,,https://www.courts.go.jp/assets/hanrei/hanrei-pdf-52269.pdf,https://www.courts.go.jp/hanrei/52269/detail2/index.html
52271,選挙無効請求事件,1,,,https://www.courts.go.jp/assets/hanrei/hanrei-pdf-52271.pdf,https://www.courts.go.jp/hanrei/52271/detail2/index.html
52273,住民訴訟請求事件,,1,,https://www.courts.go.jp/assets/hanrei/hanrei-pdf-52273.pdf,https://www.courts.go.jp/hanrei/52273/detail2/index.html
52315,補助参加申立て却下決定に対する抗告棄却決定に対する許可抗告事件,1,,,https://www.courts.go.jp/assets/hanrei/hanrei-pdf-52315.pdf,https://www.courts.go.jp/hanrei/52315/detail2/index.html
52336,選挙無効請求事件,1,,,https://www.courts.go.jp/assets/hanrei/hanrei-pdf-52336.pdf,https://www.courts.go.jp/hanrei/52336/detail2/index.html
52338,在外日本人選挙権剥奪違法確認等請求事件,1,,,https://www.courts.go.jp/assets/hanrei/hanrei-pdf-52338.pdf,https://www.courts.go.jp/hanrei/52338/detail2/index.html
52343,処分取消請求事件,1,,,https://www.courts.go.jp/assets/hanrei/hanrei-pdf-52343.pdf,https://www.courts.go.jp/hanrei/52343/detail2/index.html
52357,損害賠償等請求事件,1,,,https://www.courts.go.jp/assets/hanrei/hanrei-pdf-52357.pdf,https://www.courts.go.jp/hanrei/52357/detail2/index.html
52361,保険金請求事件,1,,,https://www.courts.go.jp/assets/hanrei/hanrei-pdf-52361.pdf,https://www.courts.go.jp/hanrei/52361/detail2/index.html
52370,損害賠償請求事件,1,,,https://www.courts.go.jp/assets/hanrei/hanrei-pdf-52370.pdf,https://www.courts.go.jp/hanrei/52370/detail2/index.html
52376,株式売買価格決定申請棄却決定に対する抗告審の取消決定に対する許可抗告事件,1,,,https://www.courts.go.jp/assets/hanrei/hanrei-pdf-52376.pdf,https://www.courts.go.jp/hanrei/52376/detail2/index.html
52393,食品衛生法違反処分取消請求事件,1,,,https://www.courts.go.jp/assets/hanrei/hanrei-pdf-52393.pdf,https://www.courts.go.jp/hanrei/52393/detail2/index.html
52419,訴訟救助決定に対する抗告審の取消決定に対する許可抗告事件,1,,,https://www.courts.go.jp/assets/hanrei/hanrei-pdf-52419.pdf,https://www.courts.go.jp/hanrei/52419/detail2/index.html
52433,文書提出命令申立却下決定に対する抗告棄却決定に対する許可抗告事件,1,,,https://www.courts.go.jp/assets/hanrei/hanrei-pdf-52433.pdf,https://www.courts.go.jp/hanrei/52433/detail2/index.html
52434,文書提出命令に対する許可抗告事件,1,,,https://www.courts.go.jp/assets/hanrei/hanrei-pdf-52434.pdf,https://www.courts.go.jp/hanrei/52434/detail2/index.html
52449,損害賠償,1,,,https://www.courts.go.jp/assets/hanrei/hanrei-pdf-52449.pdf,https://www.courts.go.jp/hanrei/52449/detail2/index.html
52466,建物収去土地明渡等,1,,,https://www.courts.go.jp/assets/hanrei/hanrei-pdf-52466.pdf,https://www.courts.go.jp/hanrei/52466/detail2/index.html
52501,所有権移転登記手続等,1,,,https://www.courts.go.jp/assets/hanrei/hanrei-pdf-52501.pdf,https://www.courts.go.jp/hanrei/52501/detail2/index.html
52502,賃金債権,1,,,https://www.courts.go.jp/assets/hanrei/hanrei-pdf-52502.pdf,https://www.courts.go.jp/hanrei/52502/detail2/index.html
52529,損害賠償,1,,,https://www.courts.go.jp/assets/hanrei/hanrei-pdf-52529.pdf,https://www.courts.go.jp/hanrei/52529/detail2/index.html
52557,選挙無効,1,,,https://www.courts.go.jp/assets/hanrei/hanrei-pdf-52557.pdf,https://www.courts.go.jp/hanrei/52557/detail2/index.html
52569,通話料金請求事件,1,,,https://www.courts.go.jp/assets/hanrei/hanrei-pdf-52569.pdf,https://www.courts.go.jp/hanrei/52569/detail2/index.html
52600,行政処分取消請求事件,1,,,https://www.courts.go.jp/assets/hanrei/hanrei-pdf-52600.pdf,https://www.courts.go.jp/hanrei/52600/detail2/index.html
52603,児童扶養手当資格喪失処分取消請求事件,1,,,https://www.courts.go.jp/assets/hanrei/hanrei-pdf-52603.pdf,https://www.courts.go.jp/hanrei/52603/detail2/index.html
52604,国籍確認,1,,,https://www.courts.go.jp/assets/hanrei/hanrei-pdf-52604.pdf,https://www.courts.go.jp/hanrei/52604/detail2/index.html
52606,地方自治法一五一条の二第三項の規定に基づく職務執行命令裁判,1,,,https://www.courts.go.jp/assets/hanrei/hanrei-pdf-52606.pdf,https://www.courts.go.jp/hanrei/52606/detail2/index.html
52618,損害賠償請求及び独立当事者参加事件,1,,,https://www.courts.go.jp/assets/hanrei/hanrei-pdf-52618.pdf,https://www.courts.go.jp/hanrei/52618/detail2/index.html
52620,建築基準法第59条の2第1項による許可処分等取消請求事件,,1,,https://www.courts.go.jp/assets/hanrei/hanrei-pdf-52620.pdf,https://www.courts.go.jp/hanrei/52620/detail2/index.html
52625,株主総会決議無効確認等請求,,1,,https://www.courts.go.jp/assets/hanrei/hanrei-pdf-52625.pdf,https://www.courts.go.jp/hanrei/52625/detail2/index.html
52636,建物収去土地明渡請求,1,,,https://www.courts.go.jp/assets/hanrei/hanrei-pdf-52636.pdf,https://www.courts.go.jp/hanrei/52636/detail2/index.html
52637,債務金請求,1,,,https://www.courts.go.jp/assets/hanrei/hanrei-pdf-52637.pdf,https://www.courts.go.jp/hanrei/52637/detail2/index.html
52655,不当労働行為救済命令取消,1,,,https://www.courts.go.jp/assets/hanrei/hanrei-pdf-52655.pdf,https://www.courts.go.jp/hanrei/52655/detail2/index.html
52662,所得税決定処分取消,1,,,https://www.courts.go.jp/assets/hanrei/hanrei-pdf-52662.pdf,https://www.courts.go.jp/hanrei/52662/detail2/index.html
52665,損害賠償,1,,,https://www.courts.go.jp/assets/hanrei/hanrei-pdf-52665.pdf,https://www.courts.go.jp/hanrei/52665/detail2/index.html
52675,約束手形金,1,,,https://www.courts.go.jp/assets/hanrei/hanrei-pdf-52675.pdf,https://www.courts.go.jp/hanrei/52675/detail2/index.html
52682,保険金還付,1,,,https://www.courts.go.jp/assets/hanrei/hanrei-pdf-52682.pdf,https://www.courts.go.jp/hanrei/52682/detail2/index.html
52690,輸入禁制品該当通知処分等取消,1,,,https://www.courts.go.jp/assets/hanrei/hanrei-pdf-52690.pdf,https://www.courts.go.jp/hanrei/52690/detail2/index.html
52699,損害賠償,1,,,https://www.courts.go.jp/assets/hanrei/hanrei-pdf-52699.pdf,https://www.courts.go.jp/hanrei/52699/detail2/index.html
52701,東京都議会議員選挙無効,1,,,https://www.courts.go.jp/assets/hanrei/hanrei-pdf-52701.pdf,https://www.courts.go.jp/hanrei/52701/detail2/index.html
52712,選挙無効,1,,,https://www.courts.go.jp/assets/hanrei/hanrei-pdf-52712.pdf,https://www.courts.go.jp/hanrei/52712/detail2/index.html
52720,損害賠償,1,,,https://www.courts.go.jp/assets/hanrei/hanrei-pdf-52720.pdf,https://www.courts.go.jp/hanrei/52720/detail2/index.html
52722,損害賠償,1,,,https://www.courts.go.jp/assets/hanrei/hanrei-pdf-52722.pdf,https://www.courts.go.jp/hanrei/52722/detail2/index.html
52725,第三者異議、通行権確認、土地明渡等,1,,,https://www.courts.go.jp/assets/hanrei/hanrei-pdf-52725.pdf,https://www.courts.go.jp/hanrei/52725/detail2/index.html
52730,損害賠償,1,,,https://www.courts.go.jp/assets/hanrei/hanrei-pdf-52730.pdf,https://www.courts.go.jp/hanrei/52730/detail2/index.html
52731,従業員地位確認等,1,,,https://www.courts.go.jp/assets/hanrei/hanrei-pdf-52731.pdf,https://www.courts.go.jp/hanrei/52731/detail2/index.html
52765,不当労働行為救済命令取消,1,,,https://www.courts.go.jp/assets/hanrei/hanrei-pdf-52765.pdf,https://www.courts.go.jp/hanrei/52765/detail2/index.html
52768,審決取消,1,,,https://www.courts.go.jp/assets/hanrei/hanrei-pdf-52768.pdf,https://www.courts.go.jp/hanrei/52768/detail2/index.html
52783,埋立差止,1,,,https://www.courts.go.jp/assets/hanrei/hanrei-pdf-52783.pdf,https://www.courts.go.jp/hanrei/52783/detail2/index.html
52922,裁決取消等請求,1,,,https://www.courts.go.jp/assets/hanrei/hanrei-pdf-52922.pdf,https://www.courts.go.jp/hanrei/52922/detail2/index.html
52934,公衆浴場営業許可無効確認請求,1,,,https://www.courts.go.jp/assets/hanrei/hanrei-pdf-52934.pdf,https://www.courts.go.jp/hanrei/52934/detail2/index.html
52986,家屋収去土地明渡請求,1,,,https://www.courts.go.jp/assets/hanrei/hanrei-pdf-52986.pdf,https://www.courts.go.jp/hanrei/52986/detail2/index.html
52995,請求異議,1,,,https://www.courts.go.jp/assets/hanrei/hanrei-pdf-52995.pdf,https://www.courts.go.jp/hanrei/52995/detail2/index.html
53000,貸金請求,1,,,https://www.courts.go.jp/assets/hanrei/hanrei-pdf-53000.pdf,https://www.courts.go.jp/hanrei/53000/detail2/index.html
53044,借地権確認等請求,1,,,https://www.courts.go.jp/assets/hanrei/hanrei-pdf-53044.pdf,https://www.courts.go.jp/hanrei/53044/detail2/index.html
53052,根抵当権抹消登記手続等請求,,1,,https://www.courts.go.jp/assets/hanrei/hanrei-pdf-53052.pdf,https://www.courts.go.jp/hanrei/53052/detail2/index.html
53103,離婚請求,1,,,https://www.courts.go.jp/assets/hanrei/hanrei-pdf-53103.pdf,https://www.courts.go.jp/hanrei/53103/detail2/index.html
53126,選挙無効請求,1,,,https://www.courts.go.jp/assets/hanrei/hanrei-pdf-53126.pdf,https://www.courts.go.jp/hanrei/53126/detail2/index.html
53138,約束手形金請求,,1,,https://www.courts.go.jp/assets/hanrei/hanrei-pdf-53138.pdf,https://www.courts.go.jp/hanrei/53138/detail2/index.html
53179,約束手形金請求,1,,,https://www.courts.go.jp/assets/hanrei/hanrei-pdf-53179.pdf,https://www.courts.go.jp/hanrei/53179/detail2/index.html
53181,債権確定請求,1,,,https://www.courts.go.jp/assets/hanrei/hanrei-pdf-53181.pdf,https://www.courts.go.jp/hanrei/53181/detail2/index.html
53212,懲戒免職処分取消,1,,,https://www.courts.go.jp/assets/hanrei/hanrei-pdf-53212.pdf,https://www.courts.go.jp/hanrei/53212/detail2/index.html
53218,登記手続等,1,,,https://www.courts.go.jp/assets/hanrei/hanrei-pdf-53218.pdf,https://www.courts.go.jp/hanrei/53218/detail2/index.html
53219,国有財産買受申込拒否処分取消,1,,,https://www.courts.go.jp/assets/hanrei/hanrei-pdf-53219.pdf,https://www.courts.go.jp/hanrei/53219/detail2/index.html
53220,異議申出棄却決定取消,1,,,https://www.courts.go.jp/assets/hanrei/hanrei-pdf-53220.pdf,https://www.courts.go.jp/hanrei/53220/detail2/index.html
53234,選挙無効請求,1,,,https://www.courts.go.jp/assets/hanrei/hanrei-pdf-53234.pdf,https://www.courts.go.jp/hanrei/53234/detail2/index.html
53250,損害賠償,1,,,https://www.courts.go.jp/assets/hanrei/hanrei-pdf-53250.pdf,https://www.courts.go.jp/hanrei/53250/detail2/index.html
53260,被爆者健康手帳交付申請却下処分取消,1,,,https://www.courts.go.jp/assets/hanrei/hanrei-pdf-53260.pdf,https://www.courts.go.jp/hanrei/53260/detail2/index.html
53272,慰藉料,1,,,https://www.courts.go.jp/assets/hanrei/hanrei-pdf-53272.pdf,https://www.courts.go.jp/hanrei/53272/detail2/index.html
53276,第三者の為にする契約に基づく振込金,1,,,https://www.courts.go.jp/assets/hanrei/hanrei-pdf-53276.pdf,https://www.courts.go.jp/hanrei/53276/detail2/index.html
53281,広告料請求,1,,,https://www.courts.go.jp/assets/hanrei/hanrei-pdf-53281.pdf,https://www.courts.go.jp/hanrei/53281/detail2/index.html
53283,損害賠償,1,,,https://www.courts.go.jp/assets/hanrei/hanrei-pdf-53283.pdf,https://www.courts.go.jp/hanrei/53283/detail2/index.html
53290,懲戒処分取消,1,,,https://www.courts.go.jp/assets/hanrei/hanrei-pdf-53290.pdf,https://www.courts.go.jp/hanrei/53290/detail2/index.html
53302,所有権移転登記等抹消登記手続,1,,,https://www.courts.go.jp/assets/hanrei/hanrei-pdf-53302.pdf,https://www.courts.go.jp/hanrei/53302/detail2/index.html
53311,土地所有権確認等,1,,,https://www.courts.go.jp/assets/hanrei/hanrei-pdf-53311.pdf,https://www.courts.go.jp/hanrei/53311/detail2/index.html
53316,不当利得金返還,1,,,https://www.courts.go.jp/assets/hanrei/hanrei-pdf-53316.pdf,https://www.courts.go.jp/hanrei/53316/detail2/index.html
53348,損害賠償等,1,,,https://www.courts.go.jp/assets/hanrei/hanrei-pdf-53348.pdf,https://www.courts.go.jp/hanrei/53348/detail2/index.html
53373,代表役員等地位不存在確認,1,,,https://www.courts.go.jp/assets/hanrei/hanrei-pdf-53373.pdf,https://www.courts.go.jp/hanrei/53373/detail2/index.html
53375,工作物等使用禁止命令取消等,1,,,https://www.courts.go.jp/assets/hanrei/hanrei-pdf-53375.pdf,https://www.courts.go.jp/hanrei/53375/detail2/index.html
53383,,,1,,https://www.courts.go.jp/assets/hanrei/hanrei-pdf-53383.pdf,https://www.courts.go.jp/hanrei/53383/detail2/index.html
53408,銃砲火薬類取締法施行規則違反,1,,,https://www.courts.go.jp/assets/hanrei/hanrei-pdf-53408.pdf,https://www.courts.go.jp/hanrei/53408/detail2/index.html
53441,窃盗、傷害、傷害致死被告事件の各刑の執行猶予言渡取消決定の抗告事件に対する特別抗告,1,,,https://www.courts.go.jp/assets/hanrei/hanrei-pdf-53441.pdf,https://www.courts.go.jp/hanrei/53441/detail2/index.html
53506,調停に代わる裁判に対する抗告についてなした棄却決定に対する再抗告,1,,,https://www.courts.go.jp/assets/hanrei/hanrei-pdf-53506.pdf,https://www.courts.go.jp/hanrei/53506/detail2/index.html
53542,地役権確認並びに妨害物撤去請求,1,,,https://www.courts.go.jp/assets/hanrei/hanrei-pdf-53542.pdf,https://www.courts.go.jp/hanrei/53542/detail2/index.html
53722,貸金並びに物品代金請求,1,,,https://www.courts.go.jp/assets/hanrei/hanrei-pdf-53722.pdf,https://www.courts.go.jp/hanrei/53722/detail2/index.html
53771,貸金請求,,1,,https://www.courts.go.jp/assets/hanrei/hanrei-pdf-53771.pdf,https://www.courts.go.jp/hanrei/53771/detail2/index.html
53783,町議会議員選挙当選無効訴願裁決取消請求,1,,,https://www.courts.go.jp/assets/hanrei/hanrei-pdf-53783.pdf,https://www.courts.go.jp/hanrei/53783/detail2/index.html
53822,所有権移転登記等請求,1,,,https://www.courts.go.jp/assets/hanrei/hanrei-pdf-53822.pdf,https://www.courts.go.jp/hanrei/53822/detail2/index.html
53835,過料決定に対する抗告棄却の決定に対する抗告,1,,,https://www.courts.go.jp/assets/hanrei/hanrei-pdf-53835.pdf,https://www.courts.go.jp/hanrei/53835/detail2/index.html
53854,約束手形金請求,1,,,https://www.courts.go.jp/assets/hanrei/hanrei-pdf-53854.pdf,https://www.courts.go.jp/hanrei/53854/detail2/index.html
53860,不動産所有権移転登録手続請求,1,,,https://www.courts.go.jp/assets/hanrei/hanrei-pdf-53860.pdf,https://www.courts.go.jp/hanrei/53860/detail2/index.html
53866,土地所有権保存登記抹消登記手続等請求,,1,,https://www.courts.go.jp/assets/hanrei/hanrei-pdf-53866.pdf,https://www.courts.go.jp/hanrei/53866/detail2/index.html
54004,供託金取戻請求の却下処分取消請求,1,,,https://www.courts.go.jp/assets/hanrei/hanrei-pdf-54004.pdf,https://www.courts.go.jp/hanrei/54004/detail2/index.html
54044,株主総会決議不存在確認請求,1,,,https://www.courts.go.jp/assets/hanrei/hanrei-pdf-54044.pdf,https://www.courts.go.jp/hanrei/54044/detail2/index.html
54053,売掛代金請求,,1,,https://www.courts.go.jp/assets/hanrei/hanrei-pdf-54053.pdf,https://www.courts.go.jp/hanrei/54053/detail2/index.html
54074,会社解散、社員総会決議取消等請求,1,,,https://www.courts.go.jp/assets/hanrei/hanrei-pdf-54074.pdf,https://www.courts.go.jp/hanrei/54074/detail2/index.html
54081,家屋明渡請求,1,,,https://www.courts.go.jp/assets/hanrei/hanrei-pdf-54081.pdf,https://www.courts.go.jp/hanrei/54081/detail2/index.html
54086,約束手形金請求,1,,,https://www.courts.go.jp/assets/hanrei/hanrei-pdf-54086.pdf,https://www.courts.go.jp/hanrei/54086/detail2/index.html
54106,約束手形金請求,1,,,https://www.courts.go.jp/assets/hanrei/hanrei-pdf-54106.pdf,https://www.courts.go.jp/hanrei/54106/detail2/index.html
54116,損害賠償請求,1,,,https://www.courts.go.jp/assets/hanrei/hanrei-pdf-54116.pdf,https://www.courts.go.jp/hanrei/54116/detail2/index.html
54123,母子関係存在確認請求,1,,,https://www.courts.go.jp/assets/hanrei/hanrei-pdf-54123.pdf,https://www.courts.go.jp/hanrei/54123/detail2/index.html
54145,第一審判決の一部について仮執行宣言申立,,1,,https://www.courts.go.jp/assets/hanrei/hanrei-pdf-54145.pdf,https://www.courts.go.jp/hanrei/54145/detail2/index.html
54158,雇傭関係存続確認請求,1,,,https://www.courts.go.jp/assets/hanrei/hanrei-pdf-54158.pdf,https://www.courts.go.jp/hanrei/54158/detail2/index.html
54168,譲受債権請求,1,,,https://www.courts.go.jp/assets/hanrei/hanrei-pdf-54168.pdf,https://www.courts.go.jp/hanrei/54168/detail2/index.html
54189,行政処分取消等,1,,,https://www.courts.go.jp/assets/hanrei/hanrei-pdf-54189.pdf,https://www.courts.go.jp/hanrei/54189/detail2/index.html
54197,損害賠償代位請求、損害賠償請求,,1,,https://www.courts.go.jp/assets/hanrei/hanrei-pdf-54197.pdf,https://www.courts.go.jp/hanrei/54197/detail2/index.html
54202,組合費請求,1,,,https://www.courts.go.jp/assets/hanrei/hanrei-pdf-54202.pdf,https://www.courts.go.jp/hanrei/54202/detail2/index.html
54203,組合費請求,1,,,https://www.courts.go.jp/assets/hanrei/hanrei-pdf-54203.pdf,https://www.courts.go.jp/hanrei/54203/detail2/index.html
54207,損害賠償請求,1,,,https://www.courts.go.jp/assets/hanrei/hanrei-pdf-54207.pdf,https://www.courts.go.jp/hanrei/54207/detail2/index.html
54222,約束手形金請求,1,,,https://www.courts.go.jp/assets/hanrei/hanrei-pdf-54222.pdf,https://www.courts.go.jp/hanrei/54222/detail2/index.html
54227,大阪国際空港夜間飛行禁止等,1,,,https://www.courts.go.jp/assets/hanrei/hanrei-pdf-54227.pdf,https://www.courts.go.jp/hanrei/54227/detail2/index.html
54234,不当労働行為救済命令取消,1,,,https://www.courts.go.jp/assets/hanrei/hanrei-pdf-54234.pdf,https://www.courts.go.jp/hanrei/54234/detail2/index.html
54249,選挙無効,1,,,https://www.courts.go.jp/assets/hanrei/hanrei-pdf-54249.pdf,https://www.courts.go.jp/hanrei/54249/detail2/index.html
54275,土地売買無効確認,1,,,https://www.courts.go.jp/assets/hanrei/hanrei-pdf-54275.pdf,https://www.courts.go.jp/hanrei/54275/detail2/index.html
54281,酒類販売業免許拒否処分取消,1,,,https://www.courts.go.jp/assets/hanrei/hanrei-pdf-54281.pdf,https://www.courts.go.jp/hanrei/54281/detail2/index.html
54352,,,1,,https://www.courts.go.jp/assets/hanrei/hanrei-pdf-54352.pdf,https://www.courts.go.jp/hanrei/54352/detail2/index.html
54358,,,1,,https://www.courts.go.jp/assets/hanrei/hanrei-pdf-54358.pdf,https://www.courts.go.jp/hanrei/54358/detail2/index.html
54359,,,1,,https://www.courts.go.jp/assets/hanrei/hanrei-pdf-54359.pdf,https://www.courts.go.jp/hanrei/54359/detail2/index.html
54360,,,1,,https://www.courts.go.jp/assets/hanrei/hanrei-pdf-54360.pdf,https://www.courts.go.jp/hanrei/54360/detail2/index.html
54362,,,1,,https://www.courts.go.jp/assets/hanrei/hanrei-pdf-54362.pdf,https://www.courts.go.jp/hanrei/54362/detail2/index.html
54363,,,1,,https://www.courts.go.jp/assets/hanrei/hanrei-pdf-54363.pdf,https://www.courts.go.jp/hanrei/54363/detail2/index.html
54364,,,1,,https://www.courts.go.jp/assets/hanrei/hanrei-pdf-54364.pdf,https://www.courts.go.jp/hanrei/54364/detail2/index.html
54366,,,1,,https://www.courts.go.jp/assets/hanrei/hanrei-pdf-54366.pdf,https://www.courts.go.jp/hanrei/54366/detail2/index.html
54632,窃盗等被告事件につき最高裁判所判決に対する判決訂正の申立等,,1,,https://www.courts.go.jp/assets/hanrei/hanrei-pdf-54632.pdf,https://www.courts.go.jp/hanrei/54632/detail2/index.html
54713,暴力行為等処罰ニ関スル法律違反被告事件につきなした判決に対する非常上告,1,,,https://www.courts.go.jp/assets/hanrei/hanrei-pdf-54713.pdf,https://www.courts.go.jp/hanrei/54713/detail2/index.html
54775,選挙無効請求事件,1,,,https://www.courts.go.jp/assets/hanrei/hanrei-pdf-54775.pdf,https://www.courts.go.jp/hanrei/54775/detail2/index.html
54777,損害賠償代位,1,,,https://www.courts.go.jp/assets/hanrei/hanrei-pdf-54777.pdf,https://www.courts.go.jp/hanrei/54777/detail2/index.html
54803,農地買収無効確認請求,1,,,https://www.courts.go.jp/assets/hanrei/hanrei-pdf-54803.pdf,https://www.courts.go.jp/hanrei/54803/detail2/index.html
54837,売掛代金請求,1,,,https://www.courts.go.jp/assets/hanrei/hanrei-pdf-54837.pdf,https://www.courts.go.jp/hanrei/54837/detail2/index.html
54938,所得審査決定取消請求,1,,,https://www.courts.go.jp/assets/hanrei/hanrei-pdf-54938.pdf,https://www.courts.go.jp/hanrei/54938/detail2/index.html
54950,約束手形金請求,1,,,https://www.courts.go.jp/assets/hanrei/hanrei-pdf-54950.pdf,https://www.courts.go.jp/hanrei/54950/detail2/index.html
54955,売掛代金請求,1,,,https://www.courts.go.jp/assets/hanrei/hanrei-pdf-54955.pdf,https://www.courts.go.jp/hanrei/54955/detail2/index.html
54960,定期預金等請求,1,,,https://www.courts.go.jp/assets/hanrei/hanrei-pdf-54960.pdf,https://www.courts.go.jp/hanrei/54960/detail2/index.html
54970,生活保護法による保護に関する不服の申立に対する裁決取消請求,1,,,https://www.courts.go.jp/assets/hanrei/hanrei-pdf-54970.pdf,https://www.courts.go.jp/hanrei/54970/detail2/index.html
54971,土地所有権移転登記抹消登記手続等請求,1,,,https://www.courts.go.jp/assets/hanrei/hanrei-pdf-54971.pdf,https://www.courts.go.jp/hanrei/54971/detail2/index.html
54973,更正処分等取消請求,1,,,https://www.courts.go.jp/assets/hanrei/hanrei-pdf-54973.pdf,https://www.courts.go.jp/hanrei/54973/detail2/index.html
54992,就業規則の改正無効確認請求,1,,,https://www.courts.go.jp/assets/hanrei/hanrei-pdf-54992.pdf,https://www.courts.go.jp/hanrei/54992/detail2/index.html
55000,貸金請求,1,,,https://www.courts.go.jp/assets/hanrei/hanrei-pdf-55000.pdf,https://www.courts.go.jp/hanrei/55000/detail2/index.html
55007,貸金請求,1,,,https://www.courts.go.jp/assets/hanrei/hanrei-pdf-55007.pdf,https://www.courts.go.jp/hanrei/55007/detail2/index.html
55008,宅地買収計画取消請求,1,,,https://www.courts.go.jp/assets/hanrei/hanrei-pdf-55008.pdf,https://www.courts.go.jp/hanrei/55008/detail2/index.html
55025,債務不存在確認等請求,1,,,https://www.courts.go.jp/assets/hanrei/hanrei-pdf-55025.pdf,https://www.courts.go.jp/hanrei/55025/detail2/index.html
55029,保証債務金請求,1,,,https://www.courts.go.jp/assets/hanrei/hanrei-pdf-55029.pdf,https://www.courts.go.jp/hanrei/55029/detail2/index.html
55040,取締役の責任追及請求,1,,,https://www.courts.go.jp/assets/hanrei/hanrei-pdf-55040.pdf,https://www.courts.go.jp/hanrei/55040/detail2/index.html
55050,約束手形金請求,1,,,https://www.courts.go.jp/assets/hanrei/hanrei-pdf-55050.pdf,https://www.courts.go.jp/hanrei/55050/detail2/index.html
55067,売掛代金請求,1,,,https://www.courts.go.jp/assets/hanrei/hanrei-pdf-55067.pdf,https://www.courts.go.jp/hanrei/55067/detail2/index.html
55126,所有権移転登記手続等請求,1,,,https://www.courts.go.jp/assets/hanrei/hanrei-pdf-55126.pdf,https://www.courts.go.jp/hanrei/55126/detail2/index.html
55157,保安林解除処分取消,1,,,https://www.courts.go.jp/assets/hanrei/hanrei-pdf-55157.pdf,https://www.courts.go.jp/hanrei/55157/detail2/index.html
55196,配当異議等,1,,,https://www.courts.go.jp/assets/hanrei/hanrei-pdf-55196.pdf,https://www.courts.go.jp/hanrei/55196/detail2/index.html
55203,共有物分割等,1,,,https://www.courts.go.jp/assets/hanrei/hanrei-pdf-55203.pdf,https://www.courts.go.jp/hanrei/55203/detail2/index.html
55383,強盗殺人、同未遂,1,,,https://www.courts.go.jp/assets/hanrei/hanrei-pdf-55383.pdf,https://www.courts.go.jp/hanrei/55383/detail2/index.html
55425,臨時物資需給調整法違反,1,,,https://www.courts.go.jp/assets/hanrei/hanrei-pdf-55425.pdf,https://www.courts.go.jp/hanrei/55425/detail2/index.html
55488,賍物故買,,1,,https://www.courts.go.jp/assets/hanrei/hanrei-pdf-55488.pdf,https://www.courts.go.jp/hanrei/55488/detail2/index.html
55512,,,1,,https://www.courts.go.jp/assets/hanrei/hanrei-pdf-55512.pdf,https://www.courts.go.jp/hanrei/55512/detail2/index.html
55515,,,1,,https://www.courts.go.jp/assets/hanrei/hanrei-pdf-55515.pdf,https://www.courts.go.jp/hanrei/55515/detail2/index.html
55516,,,1,,https://www.courts.go.jp/assets/hanrei/hanrei-pdf-55516.pdf,https://www.courts.go.jp/hanrei/55516/detail2/index.html
55738,関税法違反,1,,,https://www.courts.go.jp/assets/hanrei/hanrei-pdf-55738.pdf,https://www.courts.go.jp/hanrei/55738/detail2/index.html
55755,窃盜,1,,,https://www.courts.go.jp/assets/hanrei/hanrei-pdf-55755.pdf,https://www.courts.go.jp/hanrei/55755/detail2/index.html
55759,中型機船底曳網漁業取締規則違反,1,,,https://www.courts.go.jp/assets/hanrei/hanrei-pdf-55759.pdf,https://www.courts.go.jp/hanrei/55759/detail2/index.html
55769,放火被告事件につきなした勾留理由開示請求,,1,,https://www.courts.go.jp/assets/hanrei/hanrei-pdf-55769.pdf,https://www.courts.go.jp/hanrei/55769/detail2/index.html
55844,建物明渡等,1,,,https://www.courts.go.jp/assets/hanrei/hanrei-pdf-55844.pdf,https://www.courts.go.jp/hanrei/55844/detail2/index.html
55847,新株発行差止,1,,,https://www.courts.go.jp/assets/hanrei/hanrei-pdf-55847.pdf,https://www.courts.go.jp/hanrei/55847/detail2/index.html
55859,遺産分割審判に対する抗告棄却決定に対する特別抗告,1,,,https://www.courts.go.jp/assets/hanrei/hanrei-pdf-55859.pdf,https://www.courts.go.jp/hanrei/55859/detail2/index.html
55860,選挙無効,1,,,https://www.courts.go.jp/assets/hanrei/hanrei-pdf-55860.pdf,https://www.courts.go.jp/hanrei/55860/detail2/index.html
55871,選挙無効,1,,,https://www.courts.go.jp/assets/hanrei/hanrei-pdf-55871.pdf,https://www.courts.go.jp/hanrei/55871/detail2/index.html
55872,法人税更正処分等取消,1,,,https://www.courts.go.jp/assets/hanrei/hanrei-pdf-55872.pdf,https://www.courts.go.jp/hanrei/55872/detail2/index.html
55877,人身保護,1,,,https://www.courts.go.jp/assets/hanrei/hanrei-pdf-55877.pdf,https://www.courts.go.jp/hanrei/55877/detail2/index.html
55986,仮処分申請,,1,,https://www.courts.go.jp/assets/hanrei/hanrei-pdf-55986.pdf,https://www.courts.go.jp/hanrei/55986/detail2/index.html
56042,農地買収に対する不服申立(特別上告),1,,,https://www.courts.go.jp/assets/hanrei/hanrei-pdf-56042.pdf,https://www.courts.go.jp/hanrei/56042/detail2/index.html
56092,所有權移転登記抹消登記等請求,,1,,https://www.courts.go.jp/assets/hanrei/hanrei-pdf-56092.pdf,https://www.courts.go.jp/hanrei/56092/detail2/index.html
56187,行政処分取消請求,,1,,https://www.courts.go.jp/assets/hanrei/hanrei-pdf-56187.pdf,https://www.courts.go.jp/hanrei/56187/detail2/index.html
56210,地方自治法に基く警察予算支出禁止,1,,,https://www.courts.go.jp/assets/hanrei/hanrei-pdf-56210.pdf,https://www.courts.go.jp/hanrei/56210/detail2/index.html
56217,離婚届出無効確認請求,1,,,https://www.courts.go.jp/assets/hanrei/hanrei-pdf-56217.pdf,https://www.courts.go.jp/hanrei/56217/detail2/index.html
56235,約束手形金請求,1,,,https://www.courts.go.jp/assets/hanrei/hanrei-pdf-56235.pdf,https://www.courts.go.jp/hanrei/56235/detail2/index.html
56260,夫婦同居申立事件の審判に対する抗告棄却決定に対する特別抗告,1,,,https://www.courts.go.jp/assets/hanrei/hanrei-pdf-56260.pdf,https://www.courts.go.jp/hanrei/56260/detail2/index.html
56270,損害賠償請求,1,,,https://www.courts.go.jp/assets/hanrei/hanrei-pdf-56270.pdf,https://www.courts.go.jp/hanrei/56270/detail2/index.html
56273,生活費請求事件の審判に対する抗告棄却決定に対する特別抗告,1,,,https://www.courts.go.jp/assets/hanrei/hanrei-pdf-56273.pdf,https://www.courts.go.jp/hanrei/56273/detail2/index.html
56279,慰藉料請求,1,,,https://www.courts.go.jp/assets/hanrei/hanrei-pdf-56279.pdf,https://www.courts.go.jp/hanrei/56279/detail2/index.html
56313,救済命令取消請求,1,,,https://www.courts.go.jp/assets/hanrei/hanrei-pdf-56313.pdf,https://www.courts.go.jp/hanrei/56313/detail2/index.html
56331,損害賠償等,1,,,https://www.courts.go.jp/assets/hanrei/hanrei-pdf-56331.pdf,https://www.courts.go.jp/hanrei/56331/detail2/index.html
56338,懲戒処分無効確認,1,,,https://www.courts.go.jp/assets/hanrei/hanrei-pdf-56338.pdf,https://www.courts.go.jp/hanrei/56338/detail2/index.html
56348,遺言無効確認,1,,,https://www.courts.go.jp/assets/hanrei/hanrei-pdf-56348.pdf,https://www.courts.go.jp/hanrei/56348/detail2/index.html
56353,選挙無効,1,,,https://www.courts.go.jp/assets/hanrei/hanrei-pdf-56353.pdf,https://www.courts.go.jp/hanrei/56353/detail2/index.html
56360,航空機発着差止等,1,,,https://www.courts.go.jp/assets/hanrei/hanrei-pdf-56360.pdf,https://www.courts.go.jp/hanrei/56360/detail2/index.html
56365,貸金,1,,,https://www.courts.go.jp/assets/hanrei/hanrei-pdf-56365.pdf,https://www.courts.go.jp/hanrei/56365/detail2/index.html
56367,損害賠償,1,,,https://www.courts.go.jp/assets/hanrei/hanrei-pdf-56367.pdf,https://www.courts.go.jp/hanrei/56367/detail2/index.html
56507,食糧管理法違反、物価統制令違反,,1,,https://www.courts.go.jp/assets/hanrei/hanrei-pdf-56507.pdf,https://www.courts.go.jp/hanrei/56507/detail2/index.html
56740,,,1,,https://www.courts.go.jp/assets/hanrei/hanrei-pdf-56740.pdf,https://www.courts.go.jp/hanrei/56740/detail2/index.html
56741,,,1,,https://www.courts.go.jp/assets/hanrei/hanrei-pdf-56741.pdf,https://www.courts.go.jp/hanrei/56741/detail2/index.html
56742,,,1,,https://www.courts.go.jp/assets/hanrei/hanrei-pdf-56742.pdf,https://www.courts.go.jp/hanrei/56742/detail2/index.html
56746,,,1,,https://www.courts.go.jp/assets/hanrei/hanrei-pdf-56746.pdf,https://www.courts.go.jp/hanrei/56746/detail2/index.html
56748,,,1,,https://www.courts.go.jp/assets/hanrei/hanrei-pdf-56748.pdf,https://www.courts.go.jp/hanrei/56748/detail2/index.html
56751,,,1,,https://www.courts.go.jp/assets/hanrei/hanrei-pdf-56751.pdf,https://www.courts.go.jp/hanrei/56751/detail2/index.html
56754,,,1,,https://www.courts.go.jp/assets/hanrei/hanrei-pdf-56754.pdf,https://www.courts.go.jp/hanrei/56754/detail2/index.html
56866,公務執行妨害、傷害,1,,,https://www.courts.go.jp/assets/hanrei/hanrei-pdf-56866.pdf,https://www.courts.go.jp/hanrei/56866/detail2/index.html
56906,重過失致死、電気事業法違反、窃盗,1,,,https://www.courts.go.jp/assets/hanrei/hanrei-pdf-56906.pdf,https://www.courts.go.jp/hanrei/56906/detail2/index.html
56924,昭和二五年政令第三二五号違反、公職選挙法違反,1,,,https://www.courts.go.jp/assets/hanrei/hanrei-pdf-56924.pdf,https://www.courts.go.jp/hanrei/56924/detail2/index.html
56928,関税法違反,1,,,https://www.courts.go.jp/assets/hanrei/hanrei-pdf-56928.pdf,https://www.courts.go.jp/hanrei/56928/detail2/index.html
56932,覚せい剤取締法違反、賍物牙保被告事件につきなした確定判決に対する非常上告,,1,,https://www.courts.go.jp/assets/hanrei/hanrei-pdf-56932.pdf,https://www.courts.go.jp/hanrei/56932/detail2/index.html
56959,関税法違反,1,,,https://www.courts.go.jp/assets/hanrei/hanrei-pdf-56959.pdf,https://www.courts.go.jp/hanrei/56959/detail2/index.html
56964,電車顛覆致死被告事件につきなした全裁判官忌避申立却下決定に対する特別抗告,,1,,https://www.courts.go.jp/assets/hanrei/hanrei-pdf-56964.pdf,https://www.courts.go.jp/hanrei/56964/detail2/index.html
56965,公職選挙法違反被告事件につきなした決定に対する特別抗告,,1,,https://www.courts.go.jp/assets/hanrei/hanrei-pdf-56965.pdf,https://www.courts.go.jp/hanrei/56965/detail2/index.html
56972,暴力行為等処罰ニ関スル法律違反,1,,,https://www.courts.go.jp/assets/hanrei/hanrei-pdf-56972.pdf,https://www.courts.go.jp/hanrei/56972/detail2/index.html
56979,外国人登録法違反,1,,,https://www.courts.go.jp/assets/hanrei/hanrei-pdf-56979.pdf,https://www.courts.go.jp/hanrei/56979/detail2/index.html
56982,出入国管理令違反,,1,,https://www.courts.go.jp/assets/hanrei/hanrei-pdf-56982.pdf,https://www.courts.go.jp/hanrei/56982/detail2/index.html
57020,業務上過失致死,1,,,https://www.courts.go.jp/assets/hanrei/hanrei-pdf-57020.pdf,https://www.courts.go.jp/hanrei/57020/detail2/index.html
57041,損害賠償等請求事件,1,,,https://www.courts.go.jp/assets/hanrei/hanrei-pdf-57041.pdf,https://www.courts.go.jp/hanrei/57041/detail2/index.html
57043,各不当労働行為救済命令取消請求事件,1,,,https://www.courts.go.jp/assets/hanrei/hanrei-pdf-57043.pdf,https://www.courts.go.jp/hanrei/57043/detail2/index.html
57046,不当利得返還請求事件,1,,,https://www.courts.go.jp/assets/hanrei/hanrei-pdf-57046.pdf,https://www.courts.go.jp/hanrei/57046/detail2/index.html
57072,ゴルフ会員権地位確認請求本訴、同等請求反訴,1,,,https://www.courts.go.jp/assets/hanrei/hanrei-pdf-57072.pdf,https://www.courts.go.jp/hanrei/57072/detail2/index.html
57078,選挙無効,1,,,https://www.courts.go.jp/assets/hanrei/hanrei-pdf-57078.pdf,https://www.courts.go.jp/hanrei/57078/detail2/index.html
57145,自作農創設特別措置法による土地買収の対価に対する不服,1,,,https://www.courts.go.jp/assets/hanrei/hanrei-pdf-57145.pdf,https://www.courts.go.jp/hanrei/57145/detail2/index.html
57151,家屋明渡調停事件の決定に対する再抗告につきなした決定に対する抗告,1,,,https://www.courts.go.jp/assets/hanrei/hanrei-pdf-57151.pdf,https://www.courts.go.jp/hanrei/57151/detail2/index.html
57364,除名処分執行停止申立事件についてなした決定に対する抗告,1,,,https://www.courts.go.jp/assets/hanrei/hanrei-pdf-57364.pdf,https://www.courts.go.jp/hanrei/57364/detail2/index.html
57365,衆議院解散無効確認請求,1,,,https://www.courts.go.jp/assets/hanrei/hanrei-pdf-57365.pdf,https://www.courts.go.jp/hanrei/57365/detail2/index.html
57409,公売代金返還請求,1,,,https://www.courts.go.jp/assets/hanrei/hanrei-pdf-57409.pdf,https://www.courts.go.jp/hanrei/57409/detail2/index.html
57523,転付金請求,1,,,https://www.courts.go.jp/assets/hanrei/hanrei-pdf-57523.pdf,https://www.courts.go.jp/hanrei/57523/detail2/index.html
57713,破産債権確定請求,1,,,https://www.courts.go.jp/assets/hanrei/hanrei-pdf-57713.pdf,https://www.courts.go.jp/hanrei/57713/detail2/index.html
57725,当選無効請求,1,,,https://www.courts.go.jp/assets/hanrei/hanrei-pdf-57725.pdf,https://www.courts.go.jp/hanrei/57725/detail2/index.html
57742,建物収去土地明渡請求,1,,,https://www.courts.go.jp/assets/hanrei/hanrei-pdf-57742.pdf,https://www.courts.go.jp/hanrei/57742/detail2/index.html
57786,汽車顛覆致死、同幇助,1,,,https://www.courts.go.jp/assets/hanrei/hanrei-pdf-57786.pdf,https://www.courts.go.jp/hanrei/57786/detail2/index.html
57789,刑の執行猶予言渡取消決定に対する即時抗告棄却決定に対する特別抗告,1,,,https://www.courts.go.jp/assets/hanrei/hanrei-pdf-57789.pdf,https://www.courts.go.jp/hanrei/57789/detail2/index.html
57858,労働安全衛生法違反被告事件,1,,,https://www.courts.go.jp/assets/hanrei/hanrei-pdf-57858.pdf,https://www.courts.go.jp/hanrei/57858/detail2/index.html
57885,公務執行妨害,1,,,https://www.courts.go.jp/assets/hanrei/hanrei-pdf-57885.pdf,https://www.courts.go.jp/hanrei/57885/detail2/index.html
57894,外国人登録法違反,,1,,https://www.courts.go.jp/assets/hanrei/hanrei-pdf-57894.pdf,https://www.courts.go.jp/hanrei/57894/detail2/index.html
57898,公職選挙法違反,1,,,https://www.courts.go.jp/assets/hanrei/hanrei-pdf-57898.pdf,https://www.courts.go.jp/hanrei/57898/detail2/index.html
57907,住居侵入、強盗殺人,1,,,https://www.courts.go.jp/assets/hanrei/hanrei-pdf-57907.pdf,https://www.courts.go.jp/hanrei/57907/detail2/index.html
57921,強盗殺人、窃盗,1,,,https://www.courts.go.jp/assets/hanrei/hanrei-pdf-57921.pdf,https://www.courts.go.jp/hanrei/57921/detail2/index.html
58019,公職選挙法違反,1,,,https://www.courts.go.jp/assets/hanrei/hanrei-pdf-58019.pdf,https://www.courts.go.jp/hanrei/58019/detail2/index.html
58025,弁護人選任照会に関する措置に対する「特別抗告の申立」と題する不服申立て,,1,,https://www.courts.go.jp/assets/hanrei/hanrei-pdf-58025.pdf,https://www.courts.go.jp/hanrei/58025/detail2/index.html
58088,業務上過失致死、航空法違反,1,,,https://www.courts.go.jp/assets/hanrei/hanrei-pdf-58088.pdf,https://www.courts.go.jp/hanrei/58088/detail2/index.html
58109,恐喝被告事件についてした勾留期間更新決定に対する異議申立棄却決定に対する特別抗告,,1,,https://www.courts.go.jp/assets/hanrei/hanrei-pdf-58109.pdf,https://www.courts.go.jp/hanrei/58109/detail2/index.html
58182,道路交通法違反被告事件についてした公訴棄却決定に対する特別抗告,,1,,https://www.courts.go.jp/assets/hanrei/hanrei-pdf-58182.pdf,https://www.courts.go.jp/hanrei/58182/detail2/index.html
58189,賍物寄蔵,1,,,https://www.courts.go.jp/assets/hanrei/hanrei-pdf-58189.pdf,https://www.courts.go.jp/hanrei/58189/detail2/index.html
58213,暴力行為等処罰に関する法律違反,,1,,https://www.courts.go.jp/assets/hanrei/hanrei-pdf-58213.pdf,https://www.courts.go.jp/hanrei/58213/detail2/index.html
58253,わいせつ図画販売、わいさつ文書図画販売目的所持,1,,,https://www.courts.go.jp/assets/hanrei/hanrei-pdf-58253.pdf,https://www.courts.go.jp/hanrei/58253/detail2/index.html
58331,常習累犯窃盗、住居侵入,1,,,https://www.courts.go.jp/assets/hanrei/hanrei-pdf-58331.pdf,https://www.courts.go.jp/hanrei/58331/detail2/index.html
58345,付審判請求事件についてした抗告棄却決定に対する特別抗告,,1,,https://www.courts.go.jp/assets/hanrei/hanrei-pdf-58345.pdf,https://www.courts.go.jp/hanrei/58345/detail2/index.html
58418,詐欺被告事件についてした勾留理由開示請求却下決定に対する特別抗告,,1,,https://www.courts.go.jp/assets/hanrei/hanrei-pdf-58418.pdf,https://www.courts.go.jp/hanrei/58418/detail2/index.html
58422,法廷等の秩序維持に関する法律による制裁事件についてした監置決定に対する抗告棄却決定に対する特別抗告,1,,,https://www.courts.go.jp/assets/hanrei/hanrei-pdf-58422.pdf,https://www.courts.go.jp/hanrei/58422/detail2/index.html
58439,道路交通法違反被告事件について簡易裁判所がした略式命令に対する非常上告,,1,,https://www.courts.go.jp/assets/hanrei/hanrei-pdf-58439.pdf,https://www.courts.go.jp/hanrei/58439/detail2/index.html
58445,銃砲刀剣類所持等取締法違反、火薬類取締法違反、殺人,1,,,https://www.courts.go.jp/assets/hanrei/hanrei-pdf-58445.pdf,https://www.courts.go.jp/hanrei/58445/detail2/index.html
58489,労働基準法違反被告事件について簡易裁判所がした勾留の裁判に対する特別抗告,,1,,https://www.courts.go.jp/assets/hanrei/hanrei-pdf-58489.pdf,https://www.courts.go.jp/hanrei/58489/detail2/index.html
58536,覚せい剤取締法違反、毒物及び劇物取締法違反,,1,,https://www.courts.go.jp/assets/hanrei/hanrei-pdf-58536.pdf,https://www.courts.go.jp/hanrei/58536/detail2/index.html
58537,殺人等被告事件に対する判決訂正の申立て,,1,,https://www.courts.go.jp/assets/hanrei/hanrei-pdf-58537.pdf,https://www.courts.go.jp/hanrei/58537/detail2/index.html
58539,爆発物取締罰則違反、殺人、殺人未遂被告事件に対する判決訂正の申立て,,1,,https://www.courts.go.jp/assets/hanrei/hanrei-pdf-58539.pdf,https://www.courts.go.jp/hanrei/58539/detail2/index.html
58545,刑執行猶予言渡取消決定に対する特別抗告,1,,,https://www.courts.go.jp/assets/hanrei/hanrei-pdf-58545.pdf,https://www.courts.go.jp/hanrei/58545/detail2/index.html
58646,詐欺,1,,,https://www.courts.go.jp/assets/hanrei/hanrei-pdf-58646.pdf,https://www.courts.go.jp/hanrei/58646/detail2/index.html
58731,虚偽有印公文書作成、同行使補助金等に係る予算の執行の適正化に関する法律違反,1,,,https://www.courts.go.jp/assets/hanrei/hanrei-pdf-58731.pdf,https://www.courts.go.jp/hanrei/58731/detail2/index.html
58798,公文書毀棄、公務執行妨害,1,,,https://www.courts.go.jp/assets/hanrei/hanrei-pdf-58798.pdf,https://www.courts.go.jp/hanrei/58798/detail2/index.html
58830,裁判官忌避申立,,1,,https://www.courts.go.jp/assets/hanrei/hanrei-pdf-58830.pdf,https://www.courts.go.jp/hanrei/58830/detail2/index.html
58831,裁判官忌避申立,,1,,https://www.courts.go.jp/assets/hanrei/hanrei-pdf-58831.pdf,https://www.courts.go.jp/hanrei/58831/detail2/index.html
58833,裁判官忌避申立却下決定に対する異議申立,,1,,https://www.courts.go.jp/assets/hanrei/hanrei-pdf-58833.pdf,https://www.courts.go.jp/hanrei/58833/detail2/index.html
58834,裁判官忌避申立却下決定に対する異議申立,,1,,https://www.courts.go.jp/assets/hanrei/hanrei-pdf-58834.pdf,https://www.courts.go.jp/hanrei/58834/detail2/index.html
58835,裁判官忌避申立却下決定に対する異議申立,,1,,https://www.courts.go.jp/assets/hanrei/hanrei-pdf-58835.pdf,https://www.courts.go.jp/hanrei/58835/detail2/index.html
58838,火薬類取締法違反、殺人等被告事件等につきなした上告棄却の判決に対する訂正の申立,,1,,https://www.courts.go.jp/assets/hanrei/hanrei-pdf-58838.pdf,https://www.courts.go.jp/hanrei/58838/detail2/index.html
58839,火薬類取締法違反、殺人等被告事件等につきなした上告棄却の判決に対する訂正の申立,,1,,https://www.courts.go.jp/assets/hanrei/hanrei-pdf-58839.pdf,https://www.courts.go.jp/hanrei/58839/detail2/index.html
58892,裁判の執行の異議申立却下決定に対する特別抗告,,1,,https://www.courts.go.jp/assets/hanrei/hanrei-pdf-58892.pdf,https://www.courts.go.jp/hanrei/58892/detail2/index.html
58897,上訴権回復の申立,,1,,https://www.courts.go.jp/assets/hanrei/hanrei-pdf-58897.pdf,https://www.courts.go.jp/hanrei/58897/detail2/index.html
58900,法人税法違反,,1,,https://www.courts.go.jp/assets/hanrei/hanrei-pdf-58900.pdf,https://www.courts.go.jp/hanrei/58900/detail2/index.html
58902,強姦,1,,,https://www.courts.go.jp/assets/hanrei/hanrei-pdf-58902.pdf,https://www.courts.go.jp/hanrei/58902/detail2/index.html
58956,道路交通法違反,,1,,https://www.courts.go.jp/assets/hanrei/hanrei-pdf-58956.pdf,https://www.courts.go.jp/hanrei/58956/detail2/index.html
58965,上告棄却決定に対する異議申立,,1,,https://www.courts.go.jp/assets/hanrei/hanrei-pdf-58965.pdf,https://www.courts.go.jp/hanrei/58965/detail2/index.html
59180,外国人登録法違反(勾留に関する処分),,1,,https://www.courts.go.jp/assets/hanrei/hanrei-pdf-59180.pdf,https://www.courts.go.jp/hanrei/59180/detail2/index.html
59219,傷害等被告事件についてした上告棄却決定に対する異議申立,,1,,https://www.courts.go.jp/assets/hanrei/hanrei-pdf-59219.pdf,https://www.courts.go.jp/hanrei/59219/detail2/index.html
59221,器物毀棄、傷害被告事件の上告棄却決定に対する裁判の解釈を求める申立,,1,,https://www.courts.go.jp/assets/hanrei/hanrei-pdf-59221.pdf,https://www.courts.go.jp/hanrei/59221/detail2/index.html
59224,押収物仮還付の請求,,1,,https://www.courts.go.jp/assets/hanrei/hanrei-pdf-59224.pdf,https://www.courts.go.jp/hanrei/59224/detail2/index.html
59225,恐喝、暴力行為等処罰ニ関スル法律違反等被告事件の上告棄却決定に対する異議の申立,,1,,https://www.courts.go.jp/assets/hanrei/hanrei-pdf-59225.pdf,https://www.courts.go.jp/hanrei/59225/detail2/index.html
59226,裁判の執行に関する異議の申立,,1,,https://www.courts.go.jp/assets/hanrei/hanrei-pdf-59226.pdf,https://www.courts.go.jp/hanrei/59226/detail2/index.html
59341,裁判の解釈を求める申立の却下決定に対する特別抗告,,1,,https://www.courts.go.jp/assets/hanrei/hanrei-pdf-59341.pdf,https://www.courts.go.jp/hanrei/59341/detail2/index.html
59372,保釈取消決定に対する抗告棄却決定に対する特別抗告棄却決定に対する異議申立ならびに保釈保証金の没取決定に対する一部執行停止の申立,,1,,https://www.courts.go.jp/assets/hanrei/hanrei-pdf-59372.pdf,https://www.courts.go.jp/hanrei/59372/detail2/index.html
59373,現住建造物放火被告事件の上告棄却決定に対する異議申立,,1,,https://www.courts.go.jp/assets/hanrei/hanrei-pdf-59373.pdf,https://www.courts.go.jp/hanrei/59373/detail2/index.html
59375,上告棄却の決定に対する異議申立,,1,,https://www.courts.go.jp/assets/hanrei/hanrei-pdf-59375.pdf,https://www.courts.go.jp/hanrei/59375/detail2/index.html
59490,尊属殺未遂,1,,,https://www.courts.go.jp/assets/hanrei/hanrei-pdf-59490.pdf,https://www.courts.go.jp/hanrei/59490/detail2/index.html
59513,道路交通法違反被告事件の裁判官忌避申立却下決定に対する抗告,,1,,https://www.courts.go.jp/assets/hanrei/hanrei-pdf-59513.pdf,https://www.courts.go.jp/hanrei/59513/detail2/index.html
59523,勾留の理由開示の請求,,1,,https://www.courts.go.jp/assets/hanrei/hanrei-pdf-59523.pdf,https://www.courts.go.jp/hanrei/59523/detail2/index.html
59578,尊属殺人,1,,,https://www.courts.go.jp/assets/hanrei/hanrei-pdf-59578.pdf,https://www.courts.go.jp/hanrei/59578/detail2/index.html
59596,業務上過失傷害、道路交通法違反,,1,,https://www.courts.go.jp/assets/hanrei/hanrei-pdf-59596.pdf,https://www.courts.go.jp/hanrei/59596/detail2/index.html
59619,管轄移転の請求についてした請求棄却決定に対する即時抗告,,1,,https://www.courts.go.jp/assets/hanrei/hanrei-pdf-59619.pdf,https://www.courts.go.jp/hanrei/59619/detail2/index.html
59621,上告棄却決定に対する異議申立,,1,,https://www.courts.go.jp/assets/hanrei/hanrei-pdf-59621.pdf,https://www.courts.go.jp/hanrei/59621/detail2/index.html
59622,付審判請求事件の抗告棄却決定に対する再審請求の申立,,1,,https://www.courts.go.jp/assets/hanrei/hanrei-pdf-59622.pdf,https://www.courts.go.jp/hanrei/59622/detail2/index.html
59623,上告棄却決定に対する異議申立,,1,,https://www.courts.go.jp/assets/hanrei/hanrei-pdf-59623.pdf,https://www.courts.go.jp/hanrei/59623/detail2/index.html
59624,判決訂正申立棄却決定に対する特別抗告,,1,,https://www.courts.go.jp/assets/hanrei/hanrei-pdf-59624.pdf,https://www.courts.go.jp/hanrei/59624/detail2/index.html
59645,売春防止法違反,1,,,https://www.courts.go.jp/assets/hanrei/hanrei-pdf-59645.pdf,https://www.courts.go.jp/hanrei/59645/detail2/index.html
59739,訴訟費用執行免除申立棄却決定に対する異議申立,,1,,https://www.courts.go.jp/assets/hanrei/hanrei-pdf-59739.pdf,https://www.courts.go.jp/hanrei/59739/detail2/index.html
59839,裁判官、書記官、忌避の申立,,1,,https://www.courts.go.jp/assets/hanrei/hanrei-pdf-59839.pdf,https://www.courts.go.jp/hanrei/59839/detail2/index.html
59840,上告棄却決定に対する異議申立,,1,,https://www.courts.go.jp/assets/hanrei/hanrei-pdf-59840.pdf,https://www.courts.go.jp/hanrei/59840/detail2/index.html
59957,業務上過失傷害被告事件の控訴棄却の判決後における担当書記官の措置に対する特別抗告と題する不服申立,,1,,https://www.courts.go.jp/assets/hanrei/hanrei-pdf-59957.pdf,https://www.courts.go.jp/hanrei/59957/detail2/index.html
59965,勾留理由開示の請求,,1,,https://www.courts.go.jp/assets/hanrei/hanrei-pdf-59965.pdf,https://www.courts.go.jp/hanrei/59965/detail2/index.html
59966,住居侵入、現住建造物等放火被告事件の上告棄却決定に対する裁判の解釈を求める申立,,1,,https://www.courts.go.jp/assets/hanrei/hanrei-pdf-59966.pdf,https://www.courts.go.jp/hanrei/59966/detail2/index.html
59967,保釈許可決定にもとづく保釈の取消請求,,1,,https://www.courts.go.jp/assets/hanrei/hanrei-pdf-59967.pdf,https://www.courts.go.jp/hanrei/59967/detail2/index.html
59970,詐欺、窃盗被告事件の上告棄却の決定に対する異議申立,,1,,https://www.courts.go.jp/assets/hanrei/hanrei-pdf-59970.pdf,https://www.courts.go.jp/hanrei/59970/detail2/index.html
60010,公職選挙法違反,,1,,https://www.courts.go.jp/assets/hanrei/hanrei-pdf-60010.pdf,https://www.courts.go.jp/hanrei/60010/detail2/index.html
60080,たばこ専売法違反被告事件の上告棄却決定に対する判決訂正の申立,,1,,https://www.courts.go.jp/assets/hanrei/hanrei-pdf-60080.pdf,https://www.courts.go.jp/hanrei/60080/detail2/index.html
60081,道路交通法違反被告事件の上告受理決定をしなかつたことに対する特別抗告,,1,,https://www.courts.go.jp/assets/hanrei/hanrei-pdf-60081.pdf,https://www.courts.go.jp/hanrei/60081/detail2/index.html
60083,道路交通法違反被告事件の上告棄却決定に対する異議の申立,,1,,https://www.courts.go.jp/assets/hanrei/hanrei-pdf-60083.pdf,https://www.courts.go.jp/hanrei/60083/detail2/index.html
60138,尊属傷害致死,1,,,https://www.courts.go.jp/assets/hanrei/hanrei-pdf-60138.pdf,https://www.courts.go.jp/hanrei/60138/detail2/index.html
60155,保釈請求却下決定に対する異議申立の棄却決定に対する特別抗告,,1,,https://www.courts.go.jp/assets/hanrei/hanrei-pdf-60155.pdf,https://www.courts.go.jp/hanrei/60155/detail2/index.html
60163,兇器準備集合等被告事件についてした上告棄却決定に対する異議申立,,1,,https://www.courts.go.jp/assets/hanrei/hanrei-pdf-60163.pdf,https://www.courts.go.jp/hanrei/60163/detail2/index.html
60165,殺人被告事件の上告棄却決定に対する異議申立(標題は特別抗告申立),1,,,https://www.courts.go.jp/assets/hanrei/hanrei-pdf-60165.pdf,https://www.courts.go.jp/hanrei/60165/detail2/index.html
60208,覚せい剤取締法違反、関税法違反,1,,,https://www.courts.go.jp/assets/hanrei/hanrei-pdf-60208.pdf,https://www.courts.go.jp/hanrei/60208/detail2/index.html
60229,兇器準備集合、傷害被告事件についてした勾留取消請求却下決定に対する特別抗告,,1,,https://www.courts.go.jp/assets/hanrei/hanrei-pdf-60229.pdf,https://www.courts.go.jp/hanrei/60229/detail2/index.html
60234,証拠保全請求事件についてした請求却下の裁判に対する特別抗告,,1,,https://www.courts.go.jp/assets/hanrei/hanrei-pdf-60234.pdf,https://www.courts.go.jp/hanrei/60234/detail2/index.html
60242,上告受理しなかつたことに対する特別抗告,,1,,https://www.courts.go.jp/assets/hanrei/hanrei-pdf-60242.pdf,https://www.courts.go.jp/hanrei/60242/detail2/index.html
60243,暴力行為等処罰に関する法律違反被告事件についてした上告棄却決定に対する異議申立,,1,,https://www.courts.go.jp/assets/hanrei/hanrei-pdf-60243.pdf,https://www.courts.go.jp/hanrei/60243/detail2/index.html
60245,窃盗被疑事件について東京高等検察庁検察官がした補償不服申立は理由がない旨の裁決に対する特別抗告,,1,,https://www.courts.go.jp/assets/hanrei/hanrei-pdf-60245.pdf,https://www.courts.go.jp/hanrei/60245/detail2/index.html
60285,勾留理由開示請求,,1,,https://www.courts.go.jp/assets/hanrei/hanrei-pdf-60285.pdf,https://www.courts.go.jp/hanrei/60285/detail2/index.html
60429,所得税法違反,,1,,https://www.courts.go.jp/assets/hanrei/hanrei-pdf-60429.pdf,https://www.courts.go.jp/hanrei/60429/detail2/index.html
60430,道路交通法違反、道路運送車両法違反、自動車損害賠償保障法違反被告事件についてした上告棄却の決定に対する異議の申立,,1,,https://www.courts.go.jp/assets/hanrei/hanrei-pdf-60430.pdf,https://www.courts.go.jp/hanrei/60430/detail2/index.html
60431,道路交通法違反、道路運送車両法違反、自動車損害賠償保障法違反被告事件についてした上告棄却決定に対する裁判の解釈を求める申立,,1,,https://www.courts.go.jp/assets/hanrei/hanrei-pdf-60431.pdf,https://www.courts.go.jp/hanrei/60431/detail2/index.html
60432,道路交通法違反、道路運送車両法違反、自動車損害賠償保障法違反被告事件についてした上告棄却の決定に対する裁判の執行に関する異議の申立,,1,,https://www.courts.go.jp/assets/hanrei/hanrei-pdf-60432.pdf,https://www.courts.go.jp/hanrei/60432/detail2/index.html
60433,兇器準備集合、公務執行妨害、傷害被告事件に対する訴訟費用負担の裁判の執行免除を求める申立,,1,,https://www.courts.go.jp/assets/hanrei/hanrei-pdf-60433.pdf,https://www.courts.go.jp/hanrei/60433/detail2/index.html
60437,住居侵入、建造物損壊についてした上告棄却の決定に対する異議の申立,,1,,https://www.courts.go.jp/assets/hanrei/hanrei-pdf-60437.pdf,https://www.courts.go.jp/hanrei/60437/detail2/index.html
60440,詐欺被告事件についてした保釈請求却下決定にたいする異議の申立,,1,,https://www.courts.go.jp/assets/hanrei/hanrei-pdf-60440.pdf,https://www.courts.go.jp/hanrei/60440/detail2/index.html
60441,詐欺被告事件についてした上告棄却決定に対する異議申立,,1,,https://www.courts.go.jp/assets/hanrei/hanrei-pdf-60441.pdf,https://www.courts.go.jp/hanrei/60441/detail2/index.html
60469,暴力行為等処罰ニ関スル法律違反等,,1,,https://www.courts.go.jp/assets/hanrei/hanrei-pdf-60469.pdf,https://www.courts.go.jp/hanrei/60469/detail2/index.html
60545,殺人、死体遺棄,1,,,https://www.courts.go.jp/assets/hanrei/hanrei-pdf-60545.pdf,https://www.courts.go.jp/hanrei/60545/detail2/index.html
60789,関税法違反,1,,,https://www.courts.go.jp/assets/hanrei/hanrei-pdf-60789.pdf,https://www.courts.go.jp/hanrei/60789/detail2/index.html
60896,公務員職権濫用被疑事件につきなした審判請求棄却決定に対する特別抗告,,1,,https://www.courts.go.jp/assets/hanrei/hanrei-pdf-60896.pdf,https://www.courts.go.jp/hanrei/60896/detail2/index.html
60901,公職選挙法違反被告事件につきなした特別抗告棄却決定に対する特別抗告,,1,,https://www.courts.go.jp/assets/hanrei/hanrei-pdf-60901.pdf,https://www.courts.go.jp/hanrei/60901/detail2/index.html
60902,公職選挙法違反被告事件につきなした特別抗告棄却決定に対する不服申立,,1,,https://www.courts.go.jp/assets/hanrei/hanrei-pdf-60902.pdf,https://www.courts.go.jp/hanrei/60902/detail2/index.html
60904,公職選挙法違反被告事件につきなした上告棄却の決定に対する訂正申立,,1,,https://www.courts.go.jp/assets/hanrei/hanrei-pdf-60904.pdf,https://www.courts.go.jp/hanrei/60904/detail2/index.html
60993,公職選挙法違反,1,,,https://www.courts.go.jp/assets/hanrei/hanrei-pdf-60993.pdf,https://www.courts.go.jp/hanrei/60993/detail2/index.html
61146,殺人未遂,1,,,https://www.courts.go.jp/assets/hanrei/hanrei-pdf-61146.pdf,https://www.courts.go.jp/hanrei/61146/detail2/index.html
61172,公正証書原本不実記載、同行使,1,,,https://www.courts.go.jp/assets/hanrei/hanrei-pdf-61172.pdf,https://www.courts.go.jp/hanrei/61172/detail2/index.html
61229,贈賄、経済関係罰則の整備に関する法律違反,,1,,https://www.courts.go.jp/assets/hanrei/hanrei-pdf-61229.pdf,https://www.courts.go.jp/hanrei/61229/detail2/index.html
61318,経済関係罰則ノ整備ニ関スル法律違反,1,,,https://www.courts.go.jp/assets/hanrei/hanrei-pdf-61318.pdf,https://www.courts.go.jp/hanrei/61318/detail2/index.html
61332,再審請求棄却決定に対する特別抗告,,1,,https://www.courts.go.jp/assets/hanrei/hanrei-pdf-61332.pdf,https://www.courts.go.jp/hanrei/61332/detail2/index.html
61353,傷害誣告,,1,,https://www.courts.go.jp/assets/hanrei/hanrei-pdf-61353.pdf,https://www.courts.go.jp/hanrei/61353/detail2/index.html
61380,強盗殺人被告事件の再審請求棄却決定に対する特別抗告,,1,,https://www.courts.go.jp/assets/hanrei/hanrei-pdf-61380.pdf,https://www.courts.go.jp/hanrei/61380/detail2/index.html
61414,傷害,,1,,https://www.courts.go.jp/assets/hanrei/hanrei-pdf-61414.pdf,https://www.courts.go.jp/hanrei/61414/detail2/index.html
61477,裁判官忌避申立却下決定に対する即時抗告棄却決定に対する特別抗告,,1,,https://www.courts.go.jp/assets/hanrei/hanrei-pdf-61477.pdf,https://www.courts.go.jp/hanrei/61477/detail2/index.html
61482,恐喝等被告事件に対する保釈却下決定に対する異議申立,,1,,https://www.courts.go.jp/assets/hanrei/hanrei-pdf-61482.pdf,https://www.courts.go.jp/hanrei/61482/detail2/index.html
61536,国家公務員法違反,1,,,https://www.courts.go.jp/assets/hanrei/hanrei-pdf-61536.pdf,https://www.courts.go.jp/hanrei/61536/detail2/index.html
61537,地方公務員法違反,1,,,https://www.courts.go.jp/assets/hanrei/hanrei-pdf-61537.pdf,https://www.courts.go.jp/hanrei/61537/detail2/index.html
61559,再審請求事件の抗告棄却決定に対する特別抗告,,1,,https://www.courts.go.jp/assets/hanrei/hanrei-pdf-61559.pdf,https://www.courts.go.jp/hanrei/61559/detail2/index.html
61567,道路交通法違反、業務上過失傷害,1,,,https://www.courts.go.jp/assets/hanrei/hanrei-pdf-61567.pdf,https://www.courts.go.jp/hanrei/61567/detail2/index.html
61603,詐欺,1,,,https://www.courts.go.jp/assets/hanrei/hanrei-pdf-61603.pdf,https://www.courts.go.jp/hanrei/61603/detail2/index.html
61614,司法警察員がした差押処分および検察官がした押収物還付許否処分に対する準抗告事件の申立棄却決定に帯対する特別抗告,,1,,https://www.courts.go.jp/assets/hanrei/hanrei-pdf-61614.pdf,https://www.courts.go.jp/hanrei/61614/detail2/index.html
61633,常習累犯窃盗,,1,,https://www.courts.go.jp/assets/hanrei/hanrei-pdf-61633.pdf,https://www.courts.go.jp/hanrei/61633/detail2/index.html
61641,再審請求棄却決定に対する再審請求,,1,,https://www.courts.go.jp/assets/hanrei/hanrei-pdf-61641.pdf,https://www.courts.go.jp/hanrei/61641/detail2/index.html
61644,窃盗被告事件の勾留取消請求却下決定に対する異議申立の棄却決定に対する特別抗告,,1,,https://www.courts.go.jp/assets/hanrei/hanrei-pdf-61644.pdf,https://www.courts.go.jp/hanrei/61644/detail2/index.html
61665,詐欺,,1,,https://www.courts.go.jp/assets/hanrei/hanrei-pdf-61665.pdf,https://www.courts.go.jp/hanrei/61665/detail2/index.html
61688,強制わいせつ被告事件の抗告棄却決定に対する異議申立,,1,,https://www.courts.go.jp/assets/hanrei/hanrei-pdf-61688.pdf,https://www.courts.go.jp/hanrei/61688/detail2/index.html
61689,麻薬取締法違反被告事件の上告棄却決定に対する異議申立,,1,,https://www.courts.go.jp/assets/hanrei/hanrei-pdf-61689.pdf,https://www.courts.go.jp/hanrei/61689/detail2/index.html
61690,覚せい剤取締法等違反被告事件に対する勾留理由開示請求,,1,,https://www.courts.go.jp/assets/hanrei/hanrei-pdf-61690.pdf,https://www.courts.go.jp/hanrei/61690/detail2/index.html
61691,業務上過失傷害等被告事件についてした判決に対する非常上告,,1,,https://www.courts.go.jp/assets/hanrei/hanrei-pdf-61691.pdf,https://www.courts.go.jp/hanrei/61691/detail2/index.html
61692,付審判請求事件の特別抗告棄却決定に対する不服申立(非常上告と題する書面),,1,,https://www.courts.go.jp/assets/hanrei/hanrei-pdf-61692.pdf,https://www.courts.go.jp/hanrei/61692/detail2/index.html
61693,尊属傷害致死被告事件についてした判決に対する判決訂正申立,,1,,https://www.courts.go.jp/assets/hanrei/hanrei-pdf-61693.pdf,https://www.courts.go.jp/hanrei/61693/detail2/index.html
61736,傷害被告事件についてした上告棄却の決定に対する裁判の解釈の申立,,1,,https://www.courts.go.jp/assets/hanrei/hanrei-pdf-61736.pdf,https://www.courts.go.jp/hanrei/61736/detail2/index.html
61737,傷害被告事件について上告棄却決定に対する裁判の執行に関する異議申立,,1,,https://www.courts.go.jp/assets/hanrei/hanrei-pdf-61737.pdf,https://www.courts.go.jp/hanrei/61737/detail2/index.html
61741,上訴権回復請求及び異議申立,,1,,https://www.courts.go.jp/assets/hanrei/hanrei-pdf-61741.pdf,https://www.courts.go.jp/hanrei/61741/detail2/index.html
61756,騒擾附和随行、騒擾助勢、騒擾指揮、騒擾首魁、外国人登録法違反、放火未遂、外国人登録令違反、暴力行為等処罰に関する法律違反,,1,,https://www.courts.go.jp/assets/hanrei/hanrei-pdf-61756.pdf,https://www.courts.go.jp/hanrei/61756/detail2/index.html
61818,暴行被告事件に対する上告棄却の決定に対する異議申立,,1,,https://www.courts.go.jp/assets/hanrei/hanrei-pdf-61818.pdf,https://www.courts.go.jp/hanrei/61818/detail2/index.html
61946,損害賠償請求,1,,,https://www.courts.go.jp/assets/hanrei/hanrei-pdf-61946.pdf,https://www.courts.go.jp/hanrei/61946/detail2/index.html
62004,手形金等請求,1,,,https://www.courts.go.jp/assets/hanrei/hanrei-pdf-62004.pdf,https://www.courts.go.jp/hanrei/62004/detail2/index.html
62024,親子関係不存在確認請求,1,,,https://www.courts.go.jp/assets/hanrei/hanrei-pdf-62024.pdf,https://www.courts.go.jp/hanrei/62024/detail2/index.html
62048,借地権不存在確認等請求,1,,,https://www.courts.go.jp/assets/hanrei/hanrei-pdf-62048.pdf,https://www.courts.go.jp/hanrei/62048/detail2/index.html
62053,建物明渡請求,1,,,https://www.courts.go.jp/assets/hanrei/hanrei-pdf-62053.pdf,https://www.courts.go.jp/hanrei/62053/detail2/index.html
62226,分限免職処分取消,1,,,https://www.courts.go.jp/assets/hanrei/hanrei-pdf-62226.pdf,https://www.courts.go.jp/hanrei/62226/detail2/index.html
62230,損害賠償本訴及び同反訴,1,,,https://www.courts.go.jp/assets/hanrei/hanrei-pdf-62230.pdf,https://www.courts.go.jp/hanrei/62230/detail2/index.html
62266,(土地建物)所有権移転登記抹消登記手続等,,1,,https://www.courts.go.jp/assets/hanrei/hanrei-pdf-62266.pdf,https://www.courts.go.jp/hanrei/62266/detail2/index.html
62269,損害賠償請求事件,1,,,https://www.courts.go.jp/assets/hanrei/hanrei-pdf-62269.pdf,https://www.courts.go.jp/hanrei/62269/detail2/index.html
62289,選挙無効,1,,,https://www.courts.go.jp/assets/hanrei/hanrei-pdf-62289.pdf,https://www.courts.go.jp/hanrei/62289/detail2/index.html
62292,商業宣伝放送差止等請求事件,1,,,https://www.courts.go.jp/assets/hanrei/hanrei-pdf-62292.pdf,https://www.courts.go.jp/hanrei/62292/detail2/index.html
62332,懲戒処分取消請求事件,1,,,https://www.courts.go.jp/assets/hanrei/hanrei-pdf-62332.pdf,https://www.courts.go.jp/hanrei/62332/detail2/index.html
62335,配当異議,1,,,https://www.courts.go.jp/assets/hanrei/hanrei-pdf-62335.pdf,https://www.courts.go.jp/hanrei/62335/detail2/index.html
62348,不当労働行為救済命令取消請求事件,1,,,https://www.courts.go.jp/assets/hanrei/hanrei-pdf-62348.pdf,https://www.courts.go.jp/hanrei/62348/detail2/index.html
62359,損害賠償請求事件,1,,,https://www.courts.go.jp/assets/hanrei/hanrei-pdf-62359.pdf,https://www.courts.go.jp/hanrei/62359/detail2/index.html
62361,所得税更正処分取消請求事件,1,,,https://www.courts.go.jp/assets/hanrei/hanrei-pdf-62361.pdf,https://www.courts.go.jp/hanrei/62361/detail2/index.html
62365,遺言書真否確認請求事件,1,,,https://www.courts.go.jp/assets/hanrei/hanrei-pdf-62365.pdf,https://www.courts.go.jp/hanrei/62365/detail2/index.html
62372,離婚請求事件,1,,,https://www.courts.go.jp/assets/hanrei/hanrei-pdf-62372.pdf,https://www.courts.go.jp/hanrei/62372/detail2/index.html
62378,選挙無効請求事件,1,,,https://www.courts.go.jp/assets/hanrei/hanrei-pdf-62378.pdf,https://www.courts.go.jp/hanrei/62378/detail2/index.html
62388,損害賠償請求事件,1,,,https://www.courts.go.jp/assets/hanrei/hanrei-pdf-62388.pdf,https://www.courts.go.jp/hanrei/62388/detail2/index.html
62392,河川区域でないことの確認請求事件,1,,,https://www.courts.go.jp/assets/hanrei/hanrei-pdf-62392.pdf,https://www.courts.go.jp/hanrei/62392/detail2/index.html
62397,国籍確認等請求事件,1,,,https://www.courts.go.jp/assets/hanrei/hanrei-pdf-62397.pdf,https://www.courts.go.jp/hanrei/62397/detail2/index.html
62401,損害賠償請求事件,1,,,https://www.courts.go.jp/assets/hanrei/hanrei-pdf-62401.pdf,https://www.courts.go.jp/hanrei/62401/detail2/index.html
62404,求償金請求事件,1,,,https://www.courts.go.jp/assets/hanrei/hanrei-pdf-62404.pdf,https://www.courts.go.jp/hanrei/62404/detail2/index.html
62407,土地所有権移転登記請求事件,1,,,https://www.courts.go.jp/assets/hanrei/hanrei-pdf-62407.pdf,https://www.courts.go.jp/hanrei/62407/detail2/index.html
62416,障害年金請求却下処分取消請求事件,1,,,https://www.courts.go.jp/assets/hanrei/hanrei-pdf-62416.pdf,https://www.courts.go.jp/hanrei/62416/detail2/index.html
62424,預金払戻請求事件,1,,,https://www.courts.go.jp/assets/hanrei/hanrei-pdf-62424.pdf,https://www.courts.go.jp/hanrei/62424/detail2/index.html
62445,選挙無効請求事件,1,,,https://www.courts.go.jp/assets/hanrei/hanrei-pdf-62445.pdf,https://www.courts.go.jp/hanrei/62445/detail2/index.html
62453,源泉所得税納税告知処分取消等請求事件,1,,,https://www.courts.go.jp/assets/hanrei/hanrei-pdf-62453.pdf,https://www.courts.go.jp/hanrei/62453/detail2/index.html
62468,売買代金返還請求事件,1,,,https://www.courts.go.jp/assets/hanrei/hanrei-pdf-62468.pdf,https://www.courts.go.jp/hanrei/62468/detail2/index.html
62469,保険金請求事件,1,,,https://www.courts.go.jp/assets/hanrei/hanrei-pdf-62469.pdf,https://www.courts.go.jp/hanrei/62469/detail2/index.html
62479,公文書非公開処分取消請求事件,1,,,https://www.courts.go.jp/assets/hanrei/hanrei-pdf-62479.pdf,https://www.courts.go.jp/hanrei/62479/detail2/index.html
62480,審決取消請求事件,1,,,https://www.courts.go.jp/assets/hanrei/hanrei-pdf-62480.pdf,https://www.courts.go.jp/hanrei/62480/detail2/index.html
62492,"損害賠償請求,仮執行の原状回復等を命ずる裁判の申立て事件",1,,,https://www.courts.go.jp/assets/hanrei/hanrei-pdf-62492.pdf,https://www.courts.go.jp/hanrei/62492/detail2/index.html
62503,国籍確認請求事件,1,,,https://www.courts.go.jp/assets/hanrei/hanrei-pdf-62503.pdf,https://www.courts.go.jp/hanrei/62503/detail2/index.html
62508,文書非公開処分取消請求事件,1,,,https://www.courts.go.jp/assets/hanrei/hanrei-pdf-62508.pdf,https://www.courts.go.jp/hanrei/62508/detail2/index.html
62513,損害賠償請求事件,1,,,https://www.courts.go.jp/assets/hanrei/hanrei-pdf-62513.pdf,https://www.courts.go.jp/hanrei/62513/detail2/index.html
62516,公文書非公開決定処分取消請求事件,1,,,https://www.courts.go.jp/assets/hanrei/hanrei-pdf-62516.pdf,https://www.courts.go.jp/hanrei/62516/detail2/index.html
62526,預金返還請求及び当事者参加事件,1,,,https://www.courts.go.jp/assets/hanrei/hanrei-pdf-62526.pdf,https://www.courts.go.jp/hanrei/62526/detail2/index.html
62527,預金返還請求及び預金返還等請求当事者参加事件,1,,,https://www.courts.go.jp/assets/hanrei/hanrei-pdf-62527.pdf,https://www.courts.go.jp/hanrei/62527/detail2/index.html
62546,情報公開請求却下決定処分取消請求事件,1,,,https://www.courts.go.jp/assets/hanrei/hanrei-pdf-62546.pdf,https://www.courts.go.jp/hanrei/62546/detail2/index.html
62553,違法公金支出金返還請求事件,1,,,https://www.courts.go.jp/assets/hanrei/hanrei-pdf-62553.pdf,https://www.courts.go.jp/hanrei/62553/detail2/index.html
62562,損害賠償等請求事件,1,,,https://www.courts.go.jp/assets/hanrei/hanrei-pdf-62562.pdf,https://www.courts.go.jp/hanrei/62562/detail2/index.html
62565,損害賠償請求事件,1,,,https://www.courts.go.jp/assets/hanrei/hanrei-pdf-62565.pdf,https://www.courts.go.jp/hanrei/62565/detail2/index.html
62578,"賃料減額確認等請求本訴,同反訴事件",1,,,https://www.courts.go.jp/assets/hanrei/hanrei-pdf-62578.pdf,https://www.courts.go.jp/hanrei/62578/detail2/index.html
62592,"不当利得返還請求本訴,同反訴事件",1,,,https://www.courts.go.jp/assets/hanrei/hanrei-pdf-62592.pdf,https://www.courts.go.jp/hanrei/62592/detail2/index.html
62598,損害賠償請求事件,1,,,https://www.courts.go.jp/assets/hanrei/hanrei-pdf-62598.pdf,https://www.courts.go.jp/hanrei/62598/detail2/index.html
62601,不当利得返還請求事件,1,,,https://www.courts.go.jp/assets/hanrei/hanrei-pdf-62601.pdf,https://www.courts.go.jp/hanrei/62601/detail2/index.html
62611,遺族共済年金不支給処分取消請求事件,1,,,https://www.courts.go.jp/assets/hanrei/hanrei-pdf-62611.pdf,https://www.courts.go.jp/hanrei/62611/detail2/index.html
62613,法人税更正処分等取消請求事件,1,,,https://www.courts.go.jp/assets/hanrei/hanrei-pdf-62613.pdf,https://www.courts.go.jp/hanrei/62613/detail2/index.html
62624,損害賠償請求事件,1,,,https://www.courts.go.jp/assets/hanrei/hanrei-pdf-62624.pdf,https://www.courts.go.jp/hanrei/62624/detail2/index.html
62683,建物滅失登記処分等取消,1,,,https://www.courts.go.jp/assets/hanrei/hanrei-pdf-62683.pdf,https://www.courts.go.jp/hanrei/62683/detail2/index.html
62708,福岡空港夜間飛行禁止等,1,,,https://www.courts.go.jp/assets/hanrei/hanrei-pdf-62708.pdf,https://www.courts.go.jp/hanrei/62708/detail2/index.html
62709,建物収去土地明渡等,1,,,https://www.courts.go.jp/assets/hanrei/hanrei-pdf-62709.pdf,https://www.courts.go.jp/hanrei/62709/detail2/index.html
62717,風俗営業許可取消,1,,,https://www.courts.go.jp/assets/hanrei/hanrei-pdf-62717.pdf,https://www.courts.go.jp/hanrei/62717/detail2/index.html
62722,接見妨害に対する慰謝料請求事件,1,,,https://www.courts.go.jp/assets/hanrei/hanrei-pdf-62722.pdf,https://www.courts.go.jp/hanrei/62722/detail2/index.html
62735,裁決取消及び同参加,,1,,https://www.courts.go.jp/assets/hanrei/hanrei-pdf-62735.pdf,https://www.courts.go.jp/hanrei/62735/detail2/index.html
62749,慰謝料請求事件,1,,,https://www.courts.go.jp/assets/hanrei/hanrei-pdf-62749.pdf,https://www.courts.go.jp/hanrei/62749/detail2/index.html
62770,損害賠償請求事件,1,,,https://www.courts.go.jp/assets/hanrei/hanrei-pdf-62770.pdf,https://www.courts.go.jp/hanrei/62770/detail2/index.html
62805,賃金,,1,,https://www.courts.go.jp/assets/hanrei/hanrei-pdf-62805.pdf,https://www.courts.go.jp/hanrei/62805/detail2/index.html
62807,損害賠償請求事件,1,,,https://www.courts.go.jp/assets/hanrei/hanrei-pdf-62807.pdf,https://www.courts.go.jp/hanrei/62807/detail2/index.html
62810,輸入禁制品該当通知処分取消等,1,,,https://www.courts.go.jp/assets/hanrei/hanrei-pdf-62810.pdf,https://www.courts.go.jp/hanrei/62810/detail2/index.html
62815,共有物分割、準共有物分割請求事件,1,,,https://www.courts.go.jp/assets/hanrei/hanrei-pdf-62815.pdf,https://www.courts.go.jp/hanrei/62815/detail2/index.html
62819,損害賠償,,1,,https://www.courts.go.jp/assets/hanrei/hanrei-pdf-62819.pdf,https://www.courts.go.jp/hanrei/62819/detail2/index.html
62891,異議申出棄却決定取消,1,,,https://www.courts.go.jp/assets/hanrei/hanrei-pdf-62891.pdf,https://www.courts.go.jp/hanrei/62891/detail2/index.html
62941,損害賠償,1,,,https://www.courts.go.jp/assets/hanrei/hanrei-pdf-62941.pdf,https://www.courts.go.jp/hanrei/62941/detail2/index.html
62951,損害賠償,1,,,https://www.courts.go.jp/assets/hanrei/hanrei-pdf-62951.pdf,https://www.courts.go.jp/hanrei/62951/detail2/index.html
62982,損害金,1,,,https://www.courts.go.jp/assets/hanrei/hanrei-pdf-62982.pdf,https://www.courts.go.jp/hanrei/62982/detail2/index.html
62995,建物抵当権代位の付記登記手続,1,,,https://www.courts.go.jp/assets/hanrei/hanrei-pdf-62995.pdf,https://www.courts.go.jp/hanrei/62995/detail2/index.html
63010,会費一部返還,1,,,https://www.courts.go.jp/assets/hanrei/hanrei-pdf-63010.pdf,https://www.courts.go.jp/hanrei/63010/detail2/index.html
63016,裁決取消,,1,,https://www.courts.go.jp/assets/hanrei/hanrei-pdf-63016.pdf,https://www.courts.go.jp/hanrei/63016/detail2/index.html
63031,損害賠償,1,,,https://www.courts.go.jp/assets/hanrei/hanrei-pdf-63031.pdf,https://www.courts.go.jp/hanrei/63031/detail2/index.html
63047,物品税賦課決定処分取消,1,,,https://www.courts.go.jp/assets/hanrei/hanrei-pdf-63047.pdf,https://www.courts.go.jp/hanrei/63047/detail2/index.html
63048,土地所有権保存登記申請却下決定処分取消等請求、訴えの追加的併合,1,,,https://www.courts.go.jp/assets/hanrei/hanrei-pdf-63048.pdf,https://www.courts.go.jp/hanrei/63048/detail2/index.html
63636,土地引渡並びに損害賠償請求,,1,,https://www.courts.go.jp/assets/hanrei/hanrei-pdf-63636.pdf,https://www.courts.go.jp/hanrei/63636/detail2/index.html
63991,転付命令に基づく請求(民訴法一九八条二項に基づく申立あり),1,,,https://www.courts.go.jp/assets/hanrei/hanrei-pdf-63991.pdf,https://www.courts.go.jp/hanrei/63991/detail2/index.html
64017,家屋収去土地明渡損害賠償請求(補正命令),,1,,https://www.courts.go.jp/assets/hanrei/hanrei-pdf-64017.pdf,https://www.courts.go.jp/hanrei/64017/detail2/index.html
64051,損害賠償請求,1,,,https://www.courts.go.jp/assets/hanrei/hanrei-pdf-64051.pdf,https://www.courts.go.jp/hanrei/64051/detail2/index.html
64052,損害賠償請求,1,,,https://www.courts.go.jp/assets/hanrei/hanrei-pdf-64052.pdf,https://www.courts.go.jp/hanrei/64052/detail2/index.html
64100,土地所有権確認移転登記手続,1,,,https://www.courts.go.jp/assets/hanrei/hanrei-pdf-64100.pdf,https://www.courts.go.jp/hanrei/64100/detail2/index.html
64197,所有権確認,1,,,https://www.courts.go.jp/assets/hanrei/hanrei-pdf-64197.pdf,https://www.courts.go.jp/hanrei/64197/detail2/index.html
64243,慰藉料,1,,,https://www.courts.go.jp/assets/hanrei/hanrei-pdf-64243.pdf,https://www.courts.go.jp/hanrei/64243/detail2/index.html
64249,工事代金,1,,,https://www.courts.go.jp/assets/hanrei/hanrei-pdf-64249.pdf,https://www.courts.go.jp/hanrei/64249/detail2/index.html
64269,土地所有権移転登記抹消登記等,1,,,https://www.courts.go.jp/assets/hanrei/hanrei-pdf-64269.pdf,https://www.courts.go.jp/hanrei/64269/detail2/index.html
64345,損害賠償,1,,,https://www.courts.go.jp/assets/hanrei/hanrei-pdf-64345.pdf,https://www.courts.go.jp/hanrei/64345/detail2/index.html
64370,所得税更正処分等取消,1,,,https://www.courts.go.jp/assets/hanrei/hanrei-pdf-64370.pdf,https://www.courts.go.jp/hanrei/64370/detail2/index.html
64393,,,1,,https://www.courts.go.jp/assets/hanrei/hanrei-pdf-64393.pdf,https://www.courts.go.jp/hanrei/64393/detail2/index.html
64608,公職選挙法違反,,1,,https://www.courts.go.jp/assets/hanrei/hanrei-pdf-64608.pdf,https://www.courts.go.jp/hanrei/64608/detail2/index.html
